영농작물,재배제목,재배내용
강낭콩,1차 밑거름,① 강낭콩은 다른 콩과 작물에 비해 거름 요구량이 높은편이며 산성인 토양을 싫어합니다. (\n) ② 파종 2주전 : 고토석회 200g/3㎡를 섞어 밭을 갈아둡니다.
강낭콩,멀칭하기,"저온장해  잡초 방지를 위해 비닐 이나 짚, 신문지 등으로 멀칭을 해주도록 합니다. 합니다. 비멀칭으로 재배를 할 경우 잡초관리에 신경써 주도록 합니다."
강낭콩,이랑 만들기,"① 강낭콩은 과습에 약한 작물이므로 원활한 배수를 위해 깊이 갈이를 해주세요. ② 이랑폭은 150㎝~180㎝로 합니다.\n ③ 두둑넓이 100㎝~120㎝, 두둑높이 10~15㎝, 고랑간격 50~60㎝* 씨뿌리기 직전에 내텃밭에 맞는 이랑의 폭을 선택하고  두둑을 지어주세요. 물빠짐이 좋지 않은 곳은 조금 높게 두둑을 만들어주시는 것이 좋습니다."
강낭콩,2차 밑거름,"파종 1주전 : 완숙퇴비 2kg/㎡, 깻묵 400g/㎡을 섞어 밭을 갑니다."
강낭콩,씨앗/모종준비,"① 강낭콩 종자는 오래될수록 발아율이 크게 떨어집니다. 될 수 있으면 오래되지 않은 것으로 준비합니다. ② 씨앗봉지 뒷면의 일자를 잘 보아서 구입하세요. [만성종]덩굴성이고 비교적 고온과 병해에는 강함. 키가 크고 측지의 발생이 많아 생육기간과 수확기간이 길며 수량성도 높습니다. 이러한 특성 때문에 고온기의 노지에서 비교적 긴 기간의 재배에 적합합니다.[왜성종]직립형이고 생육기간이 50일 내외로 짧음. 만성종에 비하여 고온에 약하고 저온기에 열매가 잘 달리는품종이 많습니다. 이러한 특성 때문에 왜성종은 저온기 노지재배에 적합하며, 도시근교의 단기 윤작작물로서 인기가 높습니다."
강낭콩,씨뿌리기,"① 서리를 피해 4월 중순쯤 파종하는 것이 좋습니다. 하지만 남부지방은 조금 이른 3월 하순경에 파종하기도 합니다. ② 콩은 과습에 약한 작물입니다. 장마가 시작되기 전에 수확해야 하므로 될 수 있으면 4월 하순까지 파종을 마치고 파종이 늦어지는 경우 재배기간이 짧은 품종을 선택하도록 합니다.  ▶ 왜성종(矮性種) : 30~35㎝ 폭으로 3열, 주간 30㎝ ▶ 만성종(慢性種) : 60㎝ 폭으로 2열, 주간 40~45㎝③ 3cm로 구멍을 내어 씨앗 2~3개씩 심고 흙을 가볍게 덮어줍니다. 파종 후 충분한 물주기를 하도록 합니다. ④ 새나 해충에 의한 피해를 방지하기위해 한랭사를 설치하는 것도 좋습니다. 씨앗이 자라 한랭사 높이만큼 키가 컸을때 한랭사를 걷어주면 됩니다. 작은 공간에 소량 파종할 경우 페트병을 이용한 인큐베이터를 만들어 줄 수 도 있습니다."
강낭콩,북주기,"▷웃거름을  한 후 호미로 이랑을 가볍게 긁어주어 잡초를 없애고, 포기주변에 흙을 올려 북주기를 해줍니다.   \n▷파종 후  30∼40일쯤 가벼운 김매기와 동시에 북주기를 하는 것이 토양의 통기성을 좋게하여 뿌리의 발달을 촉진시키고, 잡초를 방제하며 작물이 쓰러지는 것을 방지할 수 있습니다."
강낭콩,웃거름,"▷왜생종의 경우는 재배 기간이 짧아 밑거름만으로도 충분하지만 재배기간이 비교적 길고 키가 많이 자라는 만생종 덩굴 강낭콩의 경우는 지주를 세워주고 일주일 후에 거름을 한 주먹씩 포기 사이에 넣어줍니다. ▷웃거름이 잘 스며들 수 있도록 물주기를 합니다. 혹 비소식이 있다면 비가 오기전에 웃거름을 해둡니다. ▷강낭콩은 거름이 많이 필요없는 작물입니다. 비료가 너무 많으면 잎이 말리거나, 꼬투리 형성이 잘 안되거나 진딧물이 많이 발생할 수 있으므로 성장을 잘 관찰하여 필요 없는 경우 웃거름을 하지 않으셔도 됩니다."
강낭콩,유인하기,덩굴이 뻗어나가기 시작하면(본잎 1~2매 전개) 자연스럽게 지주를 타고 올라가게 됩니다. 그렇지 못한경우 유인시켜주세요.
강낭콩,지주세우기,▷지주는 작물이 어릴때 세워주어야 작물의 손상을 최소화할 수 있습니다. 솎아내기 후 지주를 세워주세요. \n▷일반적으로 만생종인 덩굴 강낭콩의 경우 위로 자랄수 있도록 지주를 세워주어야 합니다. 두줄 이랑이므로 2m 높이의 지주를 x로 교차시켜 주고 줄을 수평으로 3단정도 메어줍니다. 덩굴을 유인하는 지주는 취향과 텃밭의 지형에 맞추어 창의적으로 디자인하셔도 됩니다.▷왜생종은 직립형이고  키가 작으므로 보통 지주가 필요없지만 무성하게 자라서  쓰러질 위험이 있는경우에는 포기당 하나씩 일자지주를 세워줍니다.
강낭콩,솎아내기,솎음 : 본잎이 2~3장이 났을때 튼튼한 2포기만 남기고 생육이 나쁜 나머지는 솎아냅니다.
강낭콩,수확,"▷ 수확기는 보통 꽃이 핀 후 25~30일 정도 경과되어 꼬투리가 변색 될 때이며, 왜성종은 일시에 수확하지만 만성종은 길게는 두달정도 수확할 수 있습니다. ▷ 왜성종을 심을 경우 7~10일 정도 시간차이를 두어 파종할 경우 수확기간을 늘릴 수 있습니다.▷ 꼬투리가 10~13cm 정도 되면 수확적기이며, 강낭콩은 수확이 늦어질 경우 알이 단단해져 먹기 힘들어지니 수확기가 되면 빨리 수확하도록 합니다."
강낭콩,보관,▷강낭콩은 수확하자마자 껍질을 제거하여 1회 분량으로 나누어 냉동 보관하시면 필요할때 먹기 좋습니다.  \n▷껍질을 제거하지 않고 꼬투리째 보관
강낭콩,씨받기,"큰 꼬투리를 남겨두어 건조시킨 후 수확한 다음, 다시 충분히 건조하여 꼬투리 안의 종자를 용기에 담아 보관하도록 합니다."
배추,1차 밑거름,▷ 파종 2주전 : 고토석회 1000g/10㎡을 넣어 깊이갈이를 하여 뿌리가 잘 자랄 수 있도록 합니다. \n▷ 석회는 배추의 뿌리혹병을 방지해줍니다.
배추,씨앗/모종준비,"배추는 봄재배, 여름재배, 가을재배 등 다양한 재배시기와 활용도가 있습니다. 배추 재배의 시기와 쓰임에 따른 품종을 선택하시기 바랍니다. 또한 배추재배시 병해로 인해 어려움을 겪는 경우 내병성이 강한 품종을 선택하시는 것이 좋습니다. ▶노균병에 대한 저항성 품종CR그린, CR으뜸, CR여름맛, CR하계,CR새로나,CR강타▶뿌리혹병 저항성 품종CR새로나*뿌리혹병 저항성 품종은 대부분 무름병에도 저항성을 지니고 있습니다."
배추,이랑만들기,"[1줄 이랑] 두둑 넓이60~90cm,  고랑 넓이 30cm, 두둑 높이 20cm [2줄 이랑] 두둑 넓이120~150cm, 고랑 넓이 30cm, 두둑 높이 20cm"
배추,멀칭하기,▷ 흑색 등 멀칭비닐을 씌워 밭 토양의 온도를 유지하고 잡초가 생기는 것을 막아주도록 합니다.
배추,2차 밑거름,"▷ 파종 1주전 : 완숙퇴비 4kg/10㎡, 깻묵 8kg/10㎡을 섞어 밭을 갑니다.* 미숙퇴비를 사용할 경우 가스에 의한 장애를 입을 수 있습니다."
배추,모기르기(육묘),포트나 온상보다 가볍고 운반이 용이한 플러그 상자를 이용한다.\n ▶105공 플러그 상자를 이용합니다. \n▶구의 중앙에 배추 종자 1립씩을 심고 종자 두께의 2~3배 만큼 흙을 덮어 줍니다. ▶파종 후 2~3일이면 발아가 완료됩니다. 주의!! : 당해연도 구매 종자의 경우 1립씩 파종하여도 되나 1년 이상 묵은 종자 또는 품종명이 확실하지 않은 재래종의 경우 2~3립씩 심어주며 나중에 솎음을 해주어야 합니다. ▶육묘기간은 일반적으로 20~25일 정도 소요됩니다. ▶파종 및 육묘기간이 다소 고온이므로 온도상승에 주의하며  낮 온도가 25℃이상이 되지 않도록 관리합니다. ▶특히 육묘기 해충에 의한 피해를 조심해야 하므로 한랭사나 채소재배용 부직포를 덮어줍니다.
배추,모종심기,"가을, 여름 재배는 본 잎이 3~4매가 났을때 모종을 정식합니다.  * 봄재배는 본 본잎이 5~6매 정식기간은 보통 고온기이므로 흐린 날 오후에 해야 뿌리를 잘내립니다. 정식 후 물을 충분히 주도록 합니다. ▶주간 거리는 30~40cm로 해줍니다. ▶품종에 따라 구의 크기가 다르므로 큰 품종은 주당 간격을 넓게 해주고, 작은 품종은 주당 간격을 좁게 해줍니다.▶해충 방지를 위해 한랭사 터널을 만들어 주는 것이 좋습니다."
배추,웃거름,▶심은지 2주 후 1차 거름을 줍니다. 한랭사 터널의 측면을 걷고 포기당 퇴비 한주먹을 뿌려줍니다. \n▶손으로 흙과 비료를 잘 섞어 모종 주변을 덮고 터널을 다시 씌워줍니다.
배추,2차 웃거름,심은지 4주 후 2차 웃거름을 합니다. 두둑 옆에 고랑을 파고 거름 한 주먹씩 흩어 뿌리기해줍니다.
배추,북주기,▷고랑을 파고 웃거름을 한 후 다시 흙으로 고랑을 메우고 그루 주위에 흙을 포지 주변으로 올려 북주기를 합니다. * 10월 상순쯤 한랭사를 제거해 줍니다.
배추,수확,"위에서 배추 중앙부분을 눌러 보았을때 단단하게 느껴질때 수확하면 됩니다. 수확기가 늦어지면 추대, 석회결핍증 등 생리적 장해와 연두병, 노균병 등 병이 심해질 수 있으니 주의하시기 바랍니다.서리가 내리기 전 1월까지 밭에서 밭에 보존하기 위해서는 겉입을 묶어주면 동해를 피할 수 있다. ▶잎사귀를 가운데로 모아 단단히 묶어준다."
배추,보관,[저장 방법]▶배추 뿌리를 잘라내고 겉잎을 3~4매 정도 떼어낸 후 그늘에서 2~3일간 물기를 말려줍니다. \n▶폴리에틸렌 비닐봉지에 무를 넣어 적당한 용기에 보관하면 녹색과 신선도를 유지하면서 2월말까지 먹을 수 있습니다.
토마토,1차 밑거름,모종 심기 2주 전 고토석회 100g/㎡-밭갈기
토마토,모종심기,"첫 꽃(제 1 화방)이 살짝 핀 시기(10% 정도 피었을때)가 적기모종에 미리 물을 주어 포트에서 모종을 뽑을때 흙이 유실되지 않도록 한다. 두둑위에 모종을 심을 구멍을 파고 모종 흙의 높이와 두둑의 높이가 거의 같을 정도로 심는다. 토마토는 한쪽 방향으로만 꽃을 피움, 꽃이 고랑쪽을 향하도록 심어 수확 및 성장에 유리하도록 한다. 모종은 해볕이 강한 때를 피해 심도록 한다.  모종을 심고 3~4일은 흙이 마르지 않도록 물을 줘야함"
토마토,수확,"꽃이 핀 후 60일 정도면 수확할 수 있고, 수정 후 3~5일 이면 착과하고, 보통 30일 후면 수확할 수 있습니다. 토마토는 한번에 익지 않기때문에 익은 순서대로 수확하도록 합니다. 당도에 따른 식미 차이가 크므로 충분히 익어 과피 전체의 90% 이상 착색 되었을때 수확하도록 합니다."
토마토,멀칭하기,"저온기, 잡초제거를 위해서는 멀칭을 해주세요"
토마토,이랑 만들기,"- 1줄이랑 : 25~30㎝ 높이, 주 당 50㎝ 간격, 두둑 넓이 50㎝, 두둑간격 80~120㎝- 2줄이랑 : 25~30㎝ 높이, 주당 간격 50㎝, 두둑넓이 70~80㎝, 두둑간격 80~120㎝"
토마토,모종준비,마디간격이 좁고 녹색을 띠며 뿌리가 건강한 것
토마토,순따기,제1화방이 꽃필 무렵부터는 원줄기가 병이 들었을 경우를 위해 줄기의 제일 윗부분에 있는 곁순 1~2개만 남기고 각 잎의 겨드랑이에서 나오는 곁순은 바로바로 모두 따주어야 합니다. 특히 화방 바로 아래 곁순은 꼭 따주어야함.곁가지를 제거하지 않으면 열매가 부실하고 통기에도 좋지 않음체내 수분함량이 높은 오전에 작업한다.토마토의 꽃은 4~5개만 남기고 따주기
토마토,유인하기,줄기가 성장함에 따라 바람에 꺾이지 않도록 지주에 묶어주어야 함.유인 간격은 20~30cm
토마토,2차 밑거름,모종 심기 1주 전 완숙퇴비 5kg/㎡- 밭갈기
토마토,인공수분,첫 꽃은 반드시 열매를 맺게 하는 것이 좋습니다. 인공부분으로 열매를 맺게해주면 양분이 열매로 분산되어 웃자람을 방지할 수 있습니다. 꽃이 2~3개 정도 피었을때 줄기를 잡고 살짝 흔들어 주세요.
토마토,웃거름,제 1 웃거름은 만들어둔 거름 혹은 복합비료를 3번째 꽃이 필 무렵(정식 2달 후) 실시하며 이후 20~25일 간격으로 실시하고 포기사이에 넣어주면 됩니다.
토마토,순지르기,수확종료 50일 전(토마토가 4~5번째 화방에 열매가 열릴때)에 실시합니다. *방울토마토는 열매가 7단 정도 열릴때 순지르기를 합니다.제일 위쪽에 위치한 열매 위의 잎 2~3개만 남기고 원 줄기를 잘라줍니다. 순지르기를 해주지 않으면 키가 너무 자라고 열매는 잘 익지 않습니다.
토마토,열매솎기,열매의 원활한 성장을 위해 한 가지에 4~5개의 열매만 남기고 나머지 열매나 꽃을 솎아줍니다.
토마토,씨받기(채종),1. 먼저 맘에 드는 품종의 토마토 열매를 완전히 익도록 둡니다. 2. 토마토를 반으로 갈라 종자를 긁어내어 투명한 용기에 담습니다. 3. 그대로 2~3일간 발효를 시켜 표면에 떠있는 종자와 부패한 물은 버리고 바닥에 가라앉은 튼튼한 종자만 체를 이용하여 물로 헹궈줍니다. 4. 신문지나 키친타월 위에 놓고 충분히 말린후 냉장고에 보관합니다.
당근,수확,"▷ 파종 후 75~120일 정도에 수확이 가능하고, 미니당근 70일 정도에 수확이 가능합니다. ▷당근의 잎 줄기가 땅으로 쳐져 땅에 닿을때 수확합니다. ▷수확후 장지간 노출되면 당근의 색이 변할 수 있으니 주의 합니다. ▷수확은 이른 아침이나 오전에 하는 것이 좋습니다. ▷[봄재배] 수확기에 온도가 상승하고 장마와 겹치므로 일찍 수확하는 것이 좋습니다. ▷[가을재배] 수확이 너무 늦으면 뿌리가 갈라지는 등 모양이 좋지 않을 수 있으니 주의합니다."
당근,보관,"당근을 신문으로 싸서, 세워 보관하면 오래 보관할 수 있습니다."
당근,1차 밑거름,▷ 파종 2주전 : 고토석회 120g/1㎡을 넣어 20cm 이상 깊이갈이를 하여 뿌리가 잘 자랄 수 있도록 합니다.
당근,2차 밑거름,"▷ 파종 1주전 : 완숙퇴비 2kg/㎡, 깻묵 400g/㎡을 섞어 밭을 갑니다.▷ 당근의 생육이 좋지 않을 경우 2차 솎음후 거름을 한 뒤 보름 간격으로 두 차례 더 거름을 하셔도 됩니다."
당근,이랑 만들기,"▷ 1줄이랑 : 두둑 넓이 50cm, 두둑 높이 15~20cm,  줄간격 15cm▷ 2줄이랑 : 두둑 넓이70cm,  두둑 높이 15~20cm, 줄간격 15cm▷ 4줄이랑 : 두둑 넓이90cm,  두둑 높이 15~20cm, 줄간격 15cm"
당근,멀칭하기,"봄철 당근 발아에는 10℃ 정도가 되어야 합니다. 만약 저온에서 발아를 할 경우 꽃눈이 분화하여 이삭이나 꽃대가 올라오는 현상(추대)이 발생할 수 있으며, 가을재배의 경우에는 고온에 의해 발아율이 저하될 수 있습니다. 짚이나 왕겨로 멀칭을 해주거나, 이 방법이 어려울 경우 비닐 멀칭을 합니다."
당근,씨뿌리기,"▷씨앗을 10~15cm 간격으로 3~4개씩 겹치지 않도록 신경쓰며 심습니다. 간격에 맞춰 1cm 정도의 홈을 만들어 씨앗을 넣고 0.5cm 정도의 흙을 가볍게 덮고 살짝 눌러 주세요.파종 후 물을 충분히 주면 싹도 빨리 틔우고 고르게 자랍니다. 물을 준 후 한랭사로 터널을 만들어주셔도 됩니다. 해충으로 부터 당근을 보호할 수 있습니다.  싹이 나와 한랭사 높이 만큼 크면 한랭사를 제거해 주세요.  * 가을재배를 할 경우 여름에 파종을 하므로 가뭄과 태풍 장마를 피해 파종합니다. 파종 후 지온을 낮추기 위해 짚이나 왕겨, 베어놓은 풀 또는 신문지로 멀칭을 해주면 싹이 트는데 도움이 됩니다.파종후 5일에 싹이 트기 시작하여 7일 정도에 완료됩니다."
당근,씨앗/모종준비,"▷당근은 유럽계와 동양계 품종이 있습니다. 유럽계  품종 중 가장 보편적인 것은 3촌군과 5촌군입니다. *3촌군 : 추대가 늦어서 촉성이나 이른 출하를 위한 봄파종 재배에 적당하고 여름 파종에도 이용됩니다. 뿌리가 짧아서 흙이 얕은 곳에서도 재배가 가능합니다. *5촌군 : 기후와 토양에 대한 적응성이 넓어서 세계적으로 많이 재배되며, 품질이 우수한 것이 많습니다.동양계 품종에는 금시, 용야천대장이 보편적입니다. *금시군 : 대부분 추대가 빠르고 수량이 적은 단점이 있으나 육질이 연하고 향기와 맛이 좋아 난지에서 여름 파종재배로 많이 이용됩니다. *용야천대장 : 뿌리길이 70cm, 지름 4~5cm정도로 당근 중 뿌리가 가장 긴 품종이며, 향기와 맛이 매우 좋아 여름파종 전용의 만생종입니다. 국내에서 생산/판매 신고된 당근 품종은 재배 적응지역이나 재배상의 유의사항을 표시하고 있으므로 품종선택 시 자신의 재배조건에 부합하는지 고려하여 선택하도록 합니다."
당근,북주기,"당근은 뿌리가 자람에 따라 땅 위로 약간 솟고 지면에는 갈라진 틈이 생깁니다. 이때 당근의 어깨 부분에 햇빛이 닿으면 엽록소가 생겨 녹색으로 변해 상품성이 떨어지므로 포기마다 북 주기를 해주는 것이 좋습니다.  시기는 마지막 솎음 직후가 좋으며, 흙이 가벼워 날리기 쉬운 포장은 한번 더 해주도록 합니다."
당근,웃거름,"▷2차 솎음이 끝나고 1주일 뒤 퇴비와 깻묵을 당근 포기 주변에 뿌리고 흙과 잘 섞어주세요.* 거름을 한 후 물을 주어 잘 흡수 되도록 합니다. 당근은 뿌리가 자람에 따라 땅 위로 약간 솟고 지면에는 갈라진 틈이 생깁니다. 이때 당근의 어깨 부분에 햇빛이 닿으면 엽록소가 생겨 녹색으로 변해 상품성이 떨어지므로 포기마다 북 주기를 해주는 것이 좋습니다.  시기는 마지막 솎음 직후가 좋으며, 흙이 가벼워 날리기 쉬운 포장은 한번 더 해주도록 합니다."
당근,2차 솎아내기,▷2차 솎음 : 본잎이 5~7장이 났을때 가장 생육이 좋은 1포기만 남기고 나머지는 뽑아 냅니다. 포기 사이 간격은 9~12cm를 유지합니다.
당근,솎아내기,"▷파종 후 한 달 정도가 되면 솎아내기를 해야 합니다. 잎 색이 짙고 지나치게 성장이 왕성하거나 저조한것, 뿌리 윗부분이 많이 노출된 것, 병해충 피해를 입은 것 등을 우선 솎아주고 후에 솎은 부분은 흙으로 메워줍니다. ▷1차 솎음 : 본잎이 2~3장이 났을때 튼튼한 2포기만 남기고 나머지는 솎아냅니다. 포기 사이 간격은 5~6cm를 유지합니다.(아직은 포기가 여리므로 솎아내기를 할때 다른 포기가 뽑히지 않도록 주의하세요)"
시금치,밑거름,"① 시금치는 재배 작형에 따라 약간의 차이는 있지만 비교적 다른 엽채류와 마찬가지로 재배기간이 짧아서, 파종할 장소에 퇴비 등으로 밑거름을 넉넉히 넣어 주는 것이 좋다. ② 시금치는 산성에 매우 약한 작물이므로, 석회를 주어 토양을 개량한 다음 재배를 해주는 것이 좋으며, 퇴비와 석회는 파종 2주 전에 주고 밭을 갈아두었다가 밑거름은 파종 1주일전에 준다. ③ 밑거름으로 1㎡당 퇴비는 2kg, 석회는 150g정도가 적당하다."
시금치,씨앗준비,무는 시금치는 봄과 가을재배 작형에 따라 사용하는 품종이 다르다. 따라서 종자를 판매하는 곳에서 재배하려는 계절에 적합한 품종에는 어떤 것들이 있는지를 문의하고 구입하는 것이 좋다. [재배 TIP]시금치는 자가채종이 비교적 용이한 작물로 추대가 올라오면 1-2대 정도를 남겨 씨를 받아 두는 것도 좋다.를 받아 두는 것도 좋다.
시금치,씨뿌리기,"① 시금치 종자는 껍질이 두꺼워 24시간 정도 물에 담갔다가 파종을 하는 것이 좋다고 알려져 있다. 하지만 종묘회사에서 판매하는 종자는 밭에 직접 파종을 해도 발아에는 문제가 없으므로 바로 사용해도 좋다. 다만 구매하는 종자의 경우 화학농약으로 소독을 하기 때문에 농약이 걱정이 된다면 물로 종자 표면을 씻어내고 파종하면 좋다. ② 봄파종재배는 4월 초에서 4월 중순까지, 가을파종재배는 9월 중순 경에 파종한다.③ 파종은 줄뿌림(조파)과 흩어뿌림(산파) 모두 가능하며, 깊이는 0.5cm내외가 좋다. 파종 후에는 부드러운 흙으로 종자가 드러나지 않도록 가볍게 덮어준다. ④ 폭 70cm 넓이의 이랑이라면 5줄 정도로 심고, 씨앗의 간격은 약 1-2cm정도로 한다. 봄파종재배의 경우는 씨앗의 간격을 조금 더 넓게 심는 것이 좋다.."
시금치,웃거름(2차),"솎아내기를 한 뒤 한 그루당 거름 한 줌씩을 주변에 뿌려주고,  무가 제대로 설 수 있도록 주변의 흙을 덮어 북을 주어야 합니다."
시금치,솎아내기(2차),본잎이 6~7장이 되면 2차 솎음을 합니다. 가장 건장한 포기 하나만 남기고 모두 솎아 냅니다.
시금치,2차 솎음작업,"2주일경에 포기사이를 4~5cm 간격으로 솎아준다. 솎아내기를 할때 남기려는 것까지 뽑히지 않도록 그루의 뿌리를 누르면서 잡아당기거나, 가위로 자른 뒤 그루에 흙을 덮어준다."
시금치,1차 솎음작업,"씨뿌리기 후 1-2주가 지나면 1차 솎아내기를 한다. 생육이 나쁜것은 뽑아내고, 그루의 간격을 2~3cm 되도록한다."
시금치,이랑만들기,"▷붕사 2g/1㎡을 밭에 잘 섞어줍니다. ▷두둑 넓이70~80cm, 두둑 높이 10~15cm * 최근 지구 온난화의 영향으로 가을재배를 하더라도 고온에 의한 생리장해를 입을 수 있으며, 붕소 결핍현상으로로 무를 잘랐을 때 속이 검은 색으로 변하거나 속이 빈 생리장해가 나타나기도 합니다. 이른 방지하기위해  붕사 15g/10㎡를 넣어줍니다."
시금치,멀칭하기,흑색 등 멀칭비닐을 씌워 밭 토양의 온도를 유지하고 잡초가 생기는 것을 막아주도록 합니다.
시금치,이랑 만들기,"① 완전히 발효가 된 완숙퇴비를 뿌리고 흙과 잘 섞이도록 괭이나 삽으로 갈아 엎는다. ② 이랑은 텃밭의 상황에 따라 재배하기 편리한 대로 정할 수 있지만, 폭 70-90cm, 높이 10cm 정도가 좋다. 고랑은 물빠짐이 잘 되도록 적당하게 만든다. ③ 시금치는 종자를 직접 땅에 파종하기 때문에 두둑의 윗면을 평평하게 해 주는 것이 좋다."
시금치,수확,"① 시금치는 포기가 풍성하게 자라기 때문에 중간에 크게 자란 것 부터 솎아주기를 해 가면서 수확하는 것이 좋다.② 요리를 하기에 적당한 크기가 되면 가능한 빨리 수확을 한다. 수확은 뿌리채 뽑을 수도 있지만, 칼이나 낫으로 뿌리부분을 남기고 잎 부분만 수확하기도 한다."
시금치,보관,▷단기저장 (임시저장)넓이 80~100㎝ 깊이 20~30㎝의 골을 파고 잎을 자르지 말고 4~5개씩 묶어서 세우고 잎이 약간 묻힐 정도로 흙을 덮어줍니다.▷ 장기저장(움저장)폭 1~1.2m 깊이 20~30㎝의 골을 파고 잎을 제거한 후 무를 일반 자루에 30㎏씩 넣어서 묶은 후 집어넣고 묻는 방법으로 한번에 식구들과 나누어 먹을 양을 양만큼씩 여러 구덩이로 분산 저장하는 것이 좋습니다.(공동보관)▷ 비닐밀봉 저장법(수시로 꺼내먹는 방법)무 잎을 자르고 0.05㎜비닐봉지(폭 20~30㎝길이45~65㎝)에 3~5개씩 넣은 후 공기를 빼고 고무줄이나 끈으로 묶은 후 상자에 담아서 냉장고에 넣어두는 방법과 고무통 같은 곳에 넣어서 서늘한 곳에 놓고 수시로 꺼내먹는 방법도 있다.(개인보관방법)
고추,[풋고추 수확],① 고추 과일은 꽃이 핀 후부터 30일 가량은 주로 양적인 크기 생장을 하며 30일 이후에는 고추의 풍미와 착색이 이루어지고 종자가 충실해진다. 그러므로 풋고추 수확은 개화 후 3~4주가 경과하면 수확할 수 있다.
고추,[홍고추 수확],"① 고추가 붉은 고추로 성숙하는데 필요한 적산온도(일평균온도를 누적한 온도)는 약 1,000℃ 이상이며 보통 45일이면 착색이 완료되어 홍고추로 수확할 수 있다. 온도가 높으면 빨리 성숙하고 온도가 낮으면 붉은 고추로 성숙이 늦어진다."
고추,[고추 말리기],"① 수확한 고추를 채반에 널어 통풍이 잘되는 장소에서 건조하거나 지상에서 최소30cm이상의 높이를 두고 발(殼簾)등에 고추를 펼쳐 널면 상하로 통풍이 되므로 좋은 색깔을 낼 수 있다.② 또한, 홍고추를 수확하여 통고추로 햇볕에 말리면 시간이 오래 걸리고 희나리 발생이나 썩을 우려가 많다. 그러므로 자가 소비용은 통고추를 절개하여 말리면 건조기간을 줄일 수 있다."
고추,[모종준비],"① 고추는 씨앗을 뿌려 가꾸는 작물이지만 씨앗을 뿌려 모를 기르는 기간이 2개월 이상 걸리고 (2월 중순에 씨앗을 뿌려 5월 상순에 모종을 심음.) 모를 기르기 위해서는 높은 기술을 필요로 하기 때문에 고추를 전문적으로 농사짓는 농업인도 채소육묘공장에 고추 모종을 주문하여 모종을 구입하여 농사를 짓는다. 따라서 텃밭에 심는 고추도 모종을 사다 심는 것이 좋다.② 이때 고려할 점은 고추 품종이 매운 품종인지 아닌지 입맛에 맞게 선택해야 하며 모종이 노화되지 않은 싱싱한 모종을 선택한다. 싱싱한 모종은 육묘상자(플러그트레이)에서 모종을 뽑아 뿌리를 살펴보아 뿌리와 뿌리털이 하얗게 생기가 있으면 싱싱한 모종이고, 색깔이 노랗게 변색되어 있으면 뿌리기 노화된 묘이며, 노화묘를 심으면 뿌리 활착이 더뎌서 생육이 지연된다."
고추,[웃거름],"① 고추를 심은 후 25일 경과하면 1차 웃거름을 주고 이후 25일 경과할 때마다  2차, 3차웃거름을 주는데, 8월 상순까지 모두 3회를 준다.② 8월 하순에 주는 비료는 고추 생육에 큰 도움을 주지 못한다. ③ 웃거름 주는 위치는 1차 웃거름은 포기에서 15cm 반경에 2차 웃거름은 30cm 반경, 3차 웃거름은 줄 사이나 고랑에 호미로 흙을 파고 비료를 넣고 덮어 준다. ④ 웃거름은 웃거름 전용비료(N-K비료)로 주는 것이 편리한데 웃거름 전용비료인 ‘원예추비’(13-0-13-3-0.3)나 ‘원예웃거름’(12-0-12-2-0.2)이 있다. 웃거름을 ‘원예추비’나 ‘원예웃거름’으로 줄 경우에 매회 차 10g/㎡씩 3회를 주며 자람세를 보아 주는 양을 가감할 수 있는데, 무성히 잘 자라면 30% 줄이고 자람세가 약하면 30% 가량 늘려 줄여준다. ⑤ 화학비료 대신 깻묵비료를 만들어 줄 수 있는데, 깻묵과 쌀겨를 3;2로 섞어서 10배 물을 부어 2개월가량 발효시킨다. 이때 물대신 막걸리로 대신하여도 좋고 흑설탕을 조금 가미하여도 좋다. 발효가 끝나면 윗물을 따로 받아 물 10배에 희석하여 물 비료 상태로 웃거름으로 준다. ⑥깻묵 찌꺼기는 밭흙 속에 넣어주어도 좋다. 깻묵비료는 발효하면서 냄새가 고약하므로 아파트에서는 만들기 곤란하다."
고추,고추 밑거름,"① 텃밭에 밑거름을 줄 때는 복합비료를 주는 것이 간편하다. 원예용 복합비료는 여러 가지 제품이 나와 있는데, 예를 들어 성분량이 10-11-12-2(고토)-0.3(붕소)으로 표시되어있을 경우에 비료성분은 질소(N) 10%, 인산(P) 11%, 칼리(K) 12%, 고토(Mg) 2%, 붕소(B) 0.3%가 함유되어 있음을 의미하며 전 세계적으로 공통적인 표기방법이다. 위의 예에서 복합비료 포장단위는 20kg이므로 실제 1포에 들어 있는 비료실량은 질소 2kg, 인산 2.2kg, 칼리 2.4kg, 고토 0.4kg, 붕소 60g이 함유되어 있는 것이다. ② 고추 밭에 밑거름은 1㎡ 당 퇴비 3 kg, 원예용복합비료 100g 또는 혼합유기질비료 300g을 밭 전면에 고루 펼쳐 뿌려준다. 텃밭은 규모가 작기 때문에 작물별로 비료를 세분하여 따로 줄 수 없다. 그래서 위의 비료량을 밑거름으로 준 다음 다른 작물을 심어도 큰 문제가 없다."
고추,이랑만들기,"① 고추 이랑은 두줄이랑이나 한줄이랑으로 이랑을 만드는데 한줄이랑은 배수가 양호한 특징이 있다. 퇴비와 비료를 고루 펼친 다음 밭을 갈아엎고 로터리 작업으로 흙을 곱게 분쇄한 다음, 두 줄이랑은 두둑 넓이를 120cm, 고랑을 30cm로 하고, 한줄이랑은 두둑 넓이를 60cm, 골 간격을 100cm로 하며, 높이를 45cm로 높게 만든다. ② 이 작업은 고추를 심기 1~2주전에 밭을 만들어야 한다. 이때 비닐을 씌워주면 땅 온도가 높아져서 고추를 옮겨 심은 후 활착이 원활하고 땅의 수분증발을 막아주어 가뭄 걱정을 덜어준다."
고추,[모종심기],"① 고추 모종 심기 좋은 날 : 고추 모종을 심기 좋은 날은 햇빛이 좋은 맑은 날이 좋은데 맑은 날은 땅 온도가 높아 뿌리의 활착이 매우 빠르게 진행된다. 바람이 심하게 부는 날은 고추 모종의 잎에서 증산작용이 활발하여 쉽게 시들게 되므로 좋지 않다. 비가 오는 날은 물주는 노력을 덜 수 있지만 땅 온도가 낮아서 좋지 않다.  ② 모종 심는 요령 : 고추를 심을 때 주의해야할 점은 모종 흙이 밭 흙 위로 올라오도록 얕게 심는 것이다. 고추 모종을 얕게 심으면 땅 온도가 높아서 뿌리내림이 매우 빨라진다. 햇빛을 직접 받는 겉흙은 땅 온도가 빨리 오르는 반면 땅속 깊은 곳은 온도가 낮아서 새 뿌리의 발생이 더디기 때문이다. 또 고추 모종은 땅에 맞닿는 부분이 병으로부터 매우 취약하므로 모종 흙이 땅 위로 약간 드러나게 심으면 땅에서 전염되는 병의 감염을 막을 수 있다. (그림 1.)③ 고추 모종 심는 간격 ▶ 한 줄 이랑(100cm) : 두둑 60cm, 고랑 40cm의 이랑을 만들고, 줄 간격 100cm, 심는 간격은 40cm로 심는다. 이렇게 외 줄 이랑으로 심을경우 1㎡당 3포기 정도 심을 수 있다. (그림 2.)▶ 두 줄 이랑(150cm) : 두둑 120cm, 고랑 30cm의 이랑을 만들고, 줄 간격 70cm, 심는 간격은 40cm로 심는다. (그림 3.)"
고추,[웃거름],"① 고추를 심은 후 25일 경과하면 1차 웃거름을 주고 이후 25일 경과할 때마다 2~3차 웃거름을 주는데, 8월 상순까지 모두 3회를 준다. ② 8월 하순에 주는 비료는 고추 생육에 큰 도움을 주지 못한다. ③ 웃거름 주는 위치는 1차 웃거름은 포기에서 15cm 반경에 2차 웃거름은 30cm 반경, 3차 웃거름은 45cm 반경에 호미로 흙을 파고 비료를 넣고 덮어 준다. 웃거름은 웃거름 전용비료(N-K비료)로 주는 것이 편리한데 웃거름 전용비료인 ‘원예추비’(13-0-13-3-0.3)나 ‘원예웃거름’(12-0-12-2-0.2)이 있다. 웃거름을 ‘원예추비’나 ‘원예웃거름’으로 줄 경우에 매회 차 10g/㎡씩 3회를 주며 자람세를 보아 주는 양을 가감할 수 있는데, 무성히 잘 자라면 30% 줄이고 자람세가 약하면 30% 가량 늘려 줄여준다. ④ 화학비료 대신 깻묵비료를 만들어 줄 수 있는데, 깻묵과 쌀겨를 3;2로 섞어서 10배 물을 부어 2개월가량 발효시킨다. 이때 물대신 막걸리로 대신하여도 좋고 흑설탕을 조금 가미하여도 좋다. 발효가 끝나면 윗물을 따로 받아 물 10배에 희석하여 물 비료 상태로 웃거름으로 준다. 깻묵 찌꺼기는 밭흙 속에 넣어주어도 좋다. 깻묵비료는 발효하면서 냄새가 고약하므로 아파트에서는 만들기 곤란하다."
고추,[지주세우기],① 고추는 줄기가 있지만 나무처럼 곧바로 서지 못하므로 줄기가 쓰러지지 않도록 버팀목(지주)를 세워주어 지탱하도록 한다. ②고추 모종 1개당 1개씩 세워주거나 이랑을 따라서 1m 간격으로 버팀목(지상 1m)을 세워서 버팀목을 잇는 유인 줄을 가로로 연결하여 고추 모종이 유인 줄에 의지하도록 하여 쓰러짐을 막는다. ③ 고추의 줄기는 자라는 그대로 방임하며 쓰러지지 않도록 지주에 잘 결속해주는 노력을 해주며 줄기를 솎아주거나 순지르기 노력을 하지 않아도 된다.
들깨,이랑 만들기,"① 씨앗을 직접 뿌려서 재배할 때는 퇴비와 비료를 고루 펼친 다음 밭을 갈아엎고 로터리 작업으로 흙을 곱게 분쇄한 다음, 두둑 폭을 90~120cm, 고량 폭을 30~40cm로 이랑을 만든다. 씨뿌림 줄 폭을 60cm로 하고 씨앗 뿌리는 간격은 25cm로 한다."
들깨,밑거름,"① 텃밭에 밑거름을 줄 때는 복합비료를 주는 것이 간편하다. 원예용 복합비료는 여러 가지 제품이 나와있는데, ② 예를 들어 성분량이 10-11-12-2(고토)-0.3(붕소)으로 표시되어있을 경우에 비료성분은 질소(N) 성분이 10%, 인산(P) 11%,칼리(K) 12%, 고토(Mg) 2%, 붕소(B) 0.3%가 함유되어 있음을 의미하며 전 세계적으로 공통적인 표기방법이다. ③ 밑거름으로 1㎡당 퇴비 2kg, 질소 4g, 인산 3g, 칼리 2g을 기준으로 주는데 복합비료로 줄 때는원예용 복합비료(10-11-12-2 고토-0.3 붕소)로 4g/1㎡를 준다."
들깨,씨뿌리기(직파),"① 들깨는 5월하순부터 6월하순까지 파종하는 것이 좋다. ② 들깨를 잎으로만 수확할 때는 20~30cm 폭에 10~15cm 간격으로 점뿌림하는데 1주에 종자 6립 내외를 넣어주고 가급적 얕게 흙을 덮어주며 나중에는 솎아주어 주당 1본씩 가꾼다.(그림 1) ③ 종실을 수확할 때는 60×25cm 간격으로 심는 것이 좋다. (그림 2)[재배 TIP]들깨는 파종기간이 매우 길며 척박한 토양, 산성토양, 개간지, 인산결핍 토양 등 토양 환경이 불량해도 다른 작물에 비해 적응력이 높아서 무난하게 생육한다. 다른 작물보다 재배적응력이 높은 편이나 지나치게 습하거나 비옥한 토양에서는 결실불량 또는 지나친 영양생장으로 도장하기 쉬우므로 배수가 비교적 잘되는 모래참흙이나 참흙이 적합한 토양조건이다.※ 도장 : 식물 생장에서 가로 방향 보다는 신장 생장이 우세한 것을 뜻함."
들깨,모기르기,"① 들깨는 모 기르는 기간을 30~40일 내외로 하며 5월 중순경, 모판에 씨앗을 뿌려 30~40일간 모를   길러 6월 중하순경에 본밭에 심는다. ② 육묘는 90cm 두둑에 12×10cm 간격으로 씨앗을 뿌려 모종 1본씩 가꾼다. ③ 들깨 10㎡ 재배시 파종량은 5g 가량 소요된다."
들깨,모종심기,① 들깨를 잎으로만 수확할 때는 20~30cm 폭에 10~15cm 간격으로 심고 종자 생산을 겸할 때는   &nbsp;&nbsp;&nbsp;&nbsp;60×25cm 간격으로 심는 것이 좋다.
들깨,솎음작업,"[직파재배시 솎음작업] ① 들깨를 모종으로 심지 않고 씨앗으로 직접 뿌렸다면 1개 파종구에서 들깨 싹이 4~5본 가량 올라온다.이 모두를 기르지 않고 1구에 1본씩만 가꾸어야 하므로 싹을 솎아주어야 한다. ② 1차 솎음은 떡잎위에 나오는 본엽 1매 출현 시에 4~5본 중에서 2본을 남기고 제거하며, 본엽 4~5매시에 1본만 남기고 2차솎음 작업을 해준다. 이때 김매기 작업도 같이 해주면 좋다. ③ 1차에서 솎아줄 싹은 떡잎이 기형적이거나 아주 작거나 아주 큰 것을 솎아주고, 2차에서는 들깨 싹들의 생육이 똑같이 자라는 것이 관리나 품질에서 좋으므로 포기 주변 들깨들의 생육을 지켜보아 평균적으로 고르게 자라게끔 생육이 지나치게 빠르거나 또는 더디게 자라는 싹을 제거하여 들깨 생육이 균일하고 고르게 유지시키는 것이 관리나 들깨의 품질이 좋다."
들깨,수확,"[들깻잎 수확]① 깻잎만 수확할 때는 7월부터 잎 크기가 7cm 이상 자란 것을 수확할 수 있는데 생장점에서 아래쪽으로 잎이 완전히 전개된 것을 2매 가량 남기고 밑에 있는 잎을 따서 수확한다. ② 수확은 5~7일 간격으로 수확할 수 있다. 만생종 들깨는 주당 30매 이상 수확이 가능하다. ③ 들깻잎과 종실 수확을 겸할 때는 1차 수확을 7월 30일, 2차 수확은 8월 15일경이 좋다. ④ 잎을 너무 많이 따게 되면 종실 수량이 저하되므로 유의해야 한다.(그림1.들깨잎 수확)[종실용 들깨 수확]① 줄기와 잎이 누렇게 황변하고 줄기를 흔들면 종실이 탈립되기 시작할 때이다. 수확적기 및 기름함량이 많아지는 과정을 보면 개화 후 점차적으로 씨무게 및 기름함량이 높아져서 개화 후 30~32일 경에 최고에 도달하고 후에는 점차적으로 감소된다. ② 우리나라 기상에서는 9월 5일에서 9월 20일 사이에 대부분의 품종들이 개화한다. ③ 따라서 조생종이나 중생종이 9월상순에 개화하게 되면 개화기로 부터 32일 경에 수확하는 것이 바람직하며, 개화가 늦은 만생종 들깨는 9월 20일경에 개화하는 것으로 결실기간이 약간 단축되어 개화기부터 29일에 수확하는 것이 수확적기가 된다.(그림2.종실용 들깨 수확)(그림3.들깨 탈곡)"
들깨,모종 기르기(육모파종),"① 5월 중순경, 모판에 씨앗을 뿌린다. ② 30~40일간 모를 길러 6월 중하순경에 본밭에 심는다. ③ 육묘는 90㎝ 두둑에 12x10㎝ 간격으로 씨앗을 뿌려 모종 1본씩 가꾼다. ④ 들깨 10㎡ 재배 시 파종량은 5g 가량 소요된다."
테스트,밭만들기 test입니다.,밭만들기 test입니다.
테스트,밭만들기 테스트입니다.,밭만들기 테스트입니다.
테스트,오렌지,오렌지
파,밑거름,"① 텃밭에 가꾸는 파 밑거름을 줄 때는 복합비료를 주는 것이 간편하다. 원예용 복합비료는 여러 가지 제품이 나와 있는데, 예를 들어 성분량이 10-11-12-2(고토)-0.3(붕소)으로 표시되어있을 경우에 비료성분은 질소(N) 10%, 인산(P) 11%, 칼리(K) 12%, 고토(Mg) 2%, 붕소(B) 0.3%가 함유되어 있음을 의미하며 전 세계적으로 공통적인 표기방법이다. 위의 예에서 복합비료 포장단위는 20kg이므로 실제 1포에 들어 있는 비료실량은 질소 2kg, 인산 2.2kg, 칼리 2.4kg, 고토 0.4kg, 붕소 60g이 함유되어 있는 셈이다.② 파밭에 밑거름은 1㎡ 당 퇴비 1.5 kg, 석회 200g, 원예용복합비료 60g 또는 혼합유기질비료 100 g을 밭 전면에 고루 펼쳐 뿌려주고 늦어도 정식 7~10일 전에 밭 전면에 골고루 뿌리고 밭을 갈아두어야 한다.③ 텃밭은 규모가 작기 때문에 작물별로 비료를 세분하여 따로 줄 수 없다. 그래서 위의 비료량을 밑거름으로 준 다음 다른 작물을 함께 심어도 큰 문제가 없다."
파,이랑만들기,"① 퇴비와 비료를 고루 펼친 다음 밭을 갈아엎고 로터리 작업으로 흙을 곱게 분쇄한 다음, 파 이랑 만들기 그림과 같이 이랑 너비(80 cm)에 두둑을 60cm, 고랑을 20cm로 만드는데 이때 고랑은 파를 심는 골이 되며 두둑은 북주기 할때 필요한 흙이 된다.② 파를 기대어 심는 쪽의 골은 수직으로 파야 연백부분이 구부러지지 않아 좋은 파를 수확을 할 수 있다."
파,모기르기,"① 봄 파종은 4월 상순이 적기이고, 가을파종은 8월 하순이 적기이다. ② 파종기의 온도가 15℃이하로 내려가면 발아가 더디다. ③ 모판 1㎡에 파를 기르면 본밭 10㎡에 파를 심을 수 있다. ④ 파종상의 이랑은 90~100cm로 하여 15cm 간격으로 줄뿌림을 한다. 플러그트레이(406홀)에 모종을 기를 수 있는데 홀당 파 씨앗을 3~5립을 넣는다. 씨앗 소요량은 모판 1㎡에 4ml 가량 소요된다. 플러그 육묘는 관행에 비해서 묘상 면적이 1/5정도 적게 들고 발아율이 높습니다. 또한 병해충과 잡초 발생이 적으며 솎음작업도 불필요한 장점이 있습니다.*파종상=모판(묘상의 하나로 종자를 뿌려 묘목을 키우는 곳)⑤ 파 씨를 뿌린 후 씨앗이 보이지 않을 정도로 흙을 덮어 주며 육묘상이 마르지 않도록 수시로 물주기를 해준다.(그림2.3_출처:농촌진흥청)"
파,모종심기(아주심기),"① 씨앗을 뿌린 후 50여일이 경과되면 아주심기를 할 수 있을 정도로 모종이 큰다. 모종을 심는 깊이는 잎집 깊이만큼 5~10cm 깊이로 흙을 덮어주며 뿌리 부분에 볏짚이나 거친 퇴비를 조금 넣어주면 공기를 좋아하는 파 뿌리는 활착이 빠르며 뿌리가 빨리 돋아나온다. ② 묘상에서 기른 모종을 아주심기 할 경우 미리 물을 뿌려두고 물이 빠지기를 기다렸다가 모를 옮기면 상할 염려가 없다.  ② 이랑 나비 80cm에 포기 간격은 7cm로 한 포기에 3본씩 심고, 모종을 심은 후 물을 충분히 주어 뿌리가 잘 자라도록 한다.(그림2,3_출처:농촌진흥청)③ 모종이 기대어지는 면이 수직이 되도록 이랑을 만들어 수직으로 심어주면 파가 곧게 자라지만 곧게 심는 것이 생각만큼 쉽지 않다. 약간 비스듬이 심어 주어도 파는 자력으로 일어서서 곧게 자라므로 편한 방법을 쓰면 된다.   [재배Tip]쪽파 씨 준비와 씨 뿌리기① 봄철 일장이 12시간 이상이 되면 쪽파의 생육이 저조해지며 지상부가 마른다. 이때 쪽파를 수확하여 햇볕에 10일 이상 말리면 쪽파는 강제로 잠을 자고 깨게 된다. ② 말린 쪽파는 냉암소(시원하고 그늘진 곳)에 저장하다가 파종을 할 때는 쪽파를 반나절 정도 햇볕에 쪼여 외피를 제거하고 1㎡당 100g 정도 종구를 준비한다. 종구가 큰 것은 2~3개씩 쪼개어 파종한다. 이때 벤레이트티수화제 500배액에 디메토유제 1000배액을 혼합한 약액에 한 시간 정도 담갔다가 음지에서 말려 파종하면 고자리파리와 뿌리응애를 예방할 수 있다. ③ 쪽파의 크기는 5g이상 되는 큰 것으로 심으면 생육과 수량이 우수하다.(그림4,5)"
파,(1차)웃거름,"① 파는 아주 심은 후 50일간은 생육 속도가 완만하여 더디 자라지만 60일이 경과되면 생육속도가 빨라져서 왕성한 생육을 한다. ② 웃거름은 아주 심은 후 40일경에 1차 웃거름을 주고 이후 1개월 마다 2차, 3차 웃거름을 준다. ③ 웃거름 주는 양(1㎡당)은 1차에 복합비료(17-21-17)로 30g을 주고, 2차에는 요소 16g과 염화가리 13g을 뿌려주고 3차에는 요소 21g과 염화가리 17g을 줄 사이를 호미로 파서 비료를 넣고 흙으로 덮어준다."
파,(1차) 북주기/웃거름,"[북주기]① 모종을 심은 후 1개월 이상 자라면 잎집이 자라 올라오므로 잎집 부분까지 두둑에 얹어있는 흙으로 1차 북주기를 한다.* 북주기 작업은 파의 쓰러짐을 방지하고 연백부를 길게하여 품질을 좋게하는 작업이다. * 1차 북주기를 너무 많이 하면 어린모가 굽어져 수확기에 연백부가 굽어 상품성이 떨어지고, 북주기를 깊이 할수록 연백의 길이는 길어지나 비대는 반대로 나빠져 줄기가 오히려 가늘어지고 수량이 감소하므로 주의한다. ② 1차 북주기 이후 파는 생육이 계속되어 잎집이 자라 올라오므로 매1개월 마다 두둑에 얹혀있는 흙으로 북주기를 두 번 더 해준다. ③ 이렇게 북주기를 3차례 해주면 파의 잎집은 북주기로 30cm 이상 흙에 묻혀 있게 되고 잎집은 하얗게 연백되어 잎집이 희고 부드럽게 되어 파의 풍미와 품질을 좋게 되며 바람에 쓰러지지 않는다. * 여름철 과도한 배토는 공기유통을 차단하여 뿌리발달을 저해하고 습해가 발생할 수 있다.* 해를 넘겨 월동 재배할 경우에는 북주기를 높이 하는 것이 유리하다.[웃거름]① 파는 아주 심은 후 50일간은 생육 속도가 완만하여 더디 자라지만 60일이 경과되면 생육속도가 빨라져서 왕성한 생육을 한다. ② 웃거름은 아주 심은 후 40일경에 1차 웃거름을 주고 이후 1개월 마다 2차, 3차 웃거름을 준다. ③ 웃거름 주는 양(1㎡당)은 1차에 복합비료(17-21-17)로 30g을 주고, 2차에는 요소 16g과 염화가리 13g을 뿌려주고 3차에는 요소 21g과 염화가리 17g을 줄 사이를 호미로 파서 비료를 넣고 흙으로 덮어준다. * 시기적으로 북주기를 할 때 웃거름을 같이 해도 무방하다."
파,(2차) 북주기/웃거름,1차 북주기 이후 파는 생육이 계속되어 잎집이 자라 올라오므로 1개월마다 두둑에 얹혀있는 흙으로 북주기를 해준다.
파,(3차) 북주기/웃거름,"북주기 작업은 일반적으로 3~4회 정도가 적당하며, 첫번째는 정식후 30~40일경에 하고 마지막 북주기는수확전 30일경에 실시한다."
파,수확하기,① 텃밭의 파 수확은 일시에 수확하는 것이 아니고 용도가 있을 때 그때그때 수확하는 것이 좋다. 우선수확할 파는 파 키가 큰 것부터 수확한다. ② 파를 베게 심은 밭은 파 잎집이 비대가 불량하여 가늘며 바람에 쉽게 쓰러져 품질이 떨어지게 된다. 그러므로 베게 심었다 할지라도 중간에 솎아서 잎파로 이용하여 포기 간격을 넓혀주면 파의 비대가 좋아져서 품질이 좋은 파를 수확할 수 있다. ③ 파는 북주기를 하여 뿌리가 깊게 묻혀있으므로 북주기 흙을 깊게 파서 파가 상하지 않도록 수확하며 노랗게 마른 잎은 제거하여 이용한다.
배추,이랑 만들기,"① 퇴비와 비료를 고루 펼친 다음 밭을 갈아엎고 로터리 작업으로 흙을 곱게 분쇄한 다음 골 60 cm 간격으로 높이 20 cm로 높게 만들어야 한다. ② 이 작업은 배추를 심기 1~2주전에 밭을 만들어야 한다. [한줄 이랑] 골간격60cm, 두둑 높이 20cm (그림 1)[두줄 이랑] 두둑 넓이90cm, 고랑 넓이 30cm, 두둑 높이 20cm(그림 2)"
배추,모 기르기,"[배추 모종 고르기]① 배추 씨앗을 직접 뿌려 가꾸는 방법도 있지만 종자가 많이 소요되고 관리 노력이 많이들며, 새 피해를 입을 수 있으므로 모종을 길러서 심거나 사다 심어야 생육이 균일하여 좋다. ② 모를기를때 포트나 온상보다 가볍고 운반이 용이한 플러그 상자를 이용한다.▶105공 플러그 상자를 이용하는 것이 효과적이며, 이때 원예용 상토를 사용하면 편리하다. ▶구의 중앙에 배추 종자 1립씩을 심고 종자 두께의 2~3배 만큼 흙을 덮어 준다. ▶파종 후 2~3일이면 발아가 완료된다. 주의!! : 당해년도 구매 종자의 경우 1립씩 파종하여도 되나 1년 이상 묵은 종자 또는 품종명이 확실하지 않은 재래종의 경우 2~3립씩 심어주며 나중에 솎음을 해주어야 한다. ▶육묘기간은 일반적으로 20~25일 정도 소요된다. ▶파종 및 육묘기간이 다소 고온이므로 온도상승에 주의하며 낮 온도가 25℃이상이 되지 않도록 관리한다. ▶특히 육묘기 해충에 의한 피해를 조심해야 하므로 한랭사나 채소재배용 부직포를 덮어주면 좋다.③ 좋은 배추 모종은 본엽이 4매 내외이며 잎이 너무 크지 않고 해충의 피해가 없으며 잎이 짙은 녹색으로 힘이 있어야 한다.④ 모종을 뽑아 보아 뿌리의 색깔은 흰색이며 뿌리털이 솜털처럼 살아 있는 모종이 좋은 모종이다."
배추,모종 심기(아주심기),"[모종심는 시기]① 봄배추는 남부지방은 4월 중순, 중부지방은 4월 하순부터 심을 수 있으며 봄배추의 경우 너무 일찍 심어서 13℃ 이하의 저온에서 1~2주간 경과되면 잎이 자라지 않고 생장점에 꽃눈이 분화하여 고온,장일조건에서 장다리가 나오는 추대현상이 생겨나므로 주의해야 한다. ② 가을 김장배추는 중부지방은 8월 하순, 남부지방은 9월초까지 모종을 심는다. 그렇지만 엇갈이 배추는 모를 기르지 않고 직파하여 가꾼다. 파종 후 초기에 솎음 작업 등 집중적인 집약관리가 필요하다. ③ 가을, 여름 재배는 본 잎이 3~4매가 났을때 모종을 정식한다. * 봄재배는 본 본잎이 5~6매일때 정식한다.[모종 심기 좋은 날]① 봄철 모종을 심기 좋은 날은 햇빛이 좋은 맑은 날이 좋으며 맑은 날은 땅 온도가 높아 뿌리의 활착이 매우 빠르게 진행된다. ② 가을철 김장배추는 흐린 날이나 우기에 심는 경우가 많으므로 물 빠짐 고랑을 잘 정비하여 습해를 입지 않도록 주의한다.[배추 모종 심기]① 정식하기 2~3일 전부터 노지 환경에 적응할 수 있도록 외기와 비슷한 기온에서 건조하게 관리하여 묘를 굳히도록 한다.② 정식하기 전에 미리 관수해서 물이 빠진 뒤 심는 것이 좋은데 그렇지 못할 경우에는 심은 직후에 물을 충분히 주어야 한다. 건전한 묘를 잘 심는 것도 중요하지만 뿌리를 내리기 위해서는 반드시 물을 주어서 활착을 촉진시키고 초기생육이 잘 되도록 해 주어야 한다.③ 심는 거리는 품종에 따라 차이가 있지만 조생종 60×35cm, 중생종 60×40cm, 만생종 60×45cm 정도이다. 배추를 심을 때 심는 깊이는 배추 모종 흙 높이에 맞게 심는다.▶ 주간 거리는 한줄이랑 35~40cm, 두줄이랑 60cm로 해줍니다. ▶ 품종에 따라 구의 크기가 다르므로 큰 품종은 주당 간격을 넓게 해주고, 작은 품종은 주당 간격을 좁게 해준다."
배추,밑거름,"① 텃밭에 밑거름을 줄 때는 복합비료를 주는 것이 간편하다. 원예용 복합비료는 여러 가지 제품이 나와 있는데, 예를 들어 성분량이 10-11-12-2(고토)-0.3(붕소)으로 표시되어있을 경우에 비료성분은 질소(N) 10%, 인산(P) 11%, 칼리(K) 12%, 고토(Mg) 2%, 붕소(B) 0.3%가 함유되어 있음을 의미하며 전 세계적으로 공통적인 표기방법이다. ② 배추 밭에 밑거름은 1㎡ 당 퇴비 1.5 kg, 원예용복합비료 100g 또는 혼합유기질비료 300g을 밭 전면에 고루 펼쳐 뿌려준다. ③ 텃밭은 규모가 작기 때문에 작물별로 비료를 세분하여 따로 줄 수 없다. 그래서 위의 비료량을 밑거름으로 준 다음 다른 작물을 심어도 큰 문제가 없다. ④ 복합비료가 아닌 단용비료로 줄때는 1㎡ 당 퇴비를 1.5kg, 요소 10g, 용과린 32g, 염화가리 5g, 석회 200g, 붕사 1g을 넣어준다."
배추,웃거름 [1차],"① 배추를 심은 후 20일 경과하면 포기사이에 1차 웃거름을 준다.② 웃거름은 웃거름 전용비료(N-K비료)로 주는 것이 편리한데 웃거름 전용비료인 ‘원예추비’(13-0-13-3-0.3)나 ‘원예웃거름’(12-0-12-2-0.2)이 있다. 웃거름을 ‘원예추비’나 ‘원예웃거름’으로 줄 경우에 1차와 2차에 각각 50g/㎡을 주며 자람세를 보아 주는 양을 가감할 수 있는데, 무성히 잘 자라면 30% 줄이고 자람세가 약하면 30% 가량 늘려 줄여준다. 화학비료 대신 깻묵비료를 만들어 줄 수 있는데, 깻묵과 쌀겨를 3;2로 섞어서 10배 물을 부어 2개월가량 발효시킨다. 이때 물대신 막걸리로 대신하여도 좋고 흑설탕을 조금 가미하여도 좋다. 발효가 끝나면 윗물을 따로 받아 물 10배에 희석하여 물 비료 상태로 웃거름으로 준다. 깻묵 찌꺼기는 밭흙 속에 넣어주어도 좋다. 깻묵비료는 발효하면서 냄새가 고약하므로 아파트에서는 만들기 곤란하다."
배추,웃거름[2차],① 1차 웃거름을 하고 20일이 지나면 2차 웃거름을 한다. 웃거름을 주는 위치는 고랑이나 줄 사이를 호미로 파서 비료를 넣고 흙으로 덮어주면 된다. * 배추는 물주기가 매우 중요하다. 가뭄때 물주기를 소홀히 하면 잎의 분화가 적어져서 결구가 힘들어지고 석회 결핍증이 발생하여 속잎 생장점 부위에 갈변현상이 발생할 수 있으며 알찬 배추를 수확할 수 없다. 따라서 배추를 심고 나서부터 밭이 마르지 않도록 물주기를 충분히 해주어야 한다. 또한 잡초가 무성하지 않도록 김매기를 수시로 해주어 양분과 수분이 잡초에 빼앗기지 않도록 관리한다.
배추,수확하기,"[가을배추]① 배추의 통이 충분히 단단해지고, 배추 중앙부분을 눌러 보았을때 단단하게 느껴질때 수확하면 된다. 이때 겉잎을 2~3매 붙여서 수확하는것이 좋다. ② 수확기가 늦어지면 추대, 석회결핍증 등 생리적 장해와 연두병, 노균병 등 병이 심해질 수 있으니 주의해야 합니다.③ 가을배추는 생육후기 갑작스런 추위로 인해 언 피해가 발생할 수 있다. 겉잎을 결속해주어 언 피해를 줄일 수 있으나 외기온이 최저 -5℃ 이하로 내려가면 생육을 더 이상 기대할 수 없으므로 수확을 해야 한다. 배추 겉잎을 너무 일찍 싸 매주면 잎의 광합성 작용이 원활하지 못하여 생육에 지장을 초래할 수 있으므로 주의한다.[봄배추]6월 초순~6월 중순봄 배추 수확기는 고온기로 접어들므로 배추좀나방 피해가 우려되고 또한, 무름병 발생이 우려되므로 생육 중반 이후부터는 배추를 잘 관찰하여 병 발생이 시작되면 결구가 충분하지 않더라도 즉시 수확한다.[엇갈이배추]6월 하순~9월 하순엇갈이배추는 품종 특성상 결구가 완전하게 이루어지지 못하므로 파종 후 50일이 경과하면 수확을 할 수 있다. 생육 상황을 보아 2~3회 나누어 수확할 수도 있다.[저장방법]① 배추 뿌리를 잘라내고 겉잎을 3~4매 정도 떼어낸 후 그늘에서 2~3일간 물기를 말려줍니다. ③ 폴리에틸렌 비닐봉지에 무를 넣어 적당한 용기에 보관하면 녹색과 신선도를 유지하면서 2월말까지 먹을 수 있습니다."
무,웃거름[1차],"① 웃거름은 두 번으로 나누어 주는데 1차 웃거름은 씨앗을 뿌린 날로부터 20일경에 준다.② 1차 웃거름은 식물체로부터 15cm 떨어진 곳에 깊이 5~10cm로 파서 비료를 넣어주고 흙으로 덮어준다. ③ 웃거름은 웃거름 전용비료(N-K비료)로 주는 것이 편리한데 웃거름 전용비료인 ‘원예추비’(13-0-13-3-0.3)나 ‘원예웃거름’(12-0-12-2-0.2)이 있다. 웃거름을 ‘원예추비’나 ‘원예웃거름’으로 줄 경우에 1차와 2차에 각각 60g/㎡을 주며 자람세를 보아 주는 양을 가감할 수 있다.④ 화학비료 대신 깻묵비료를 만들어 줄 수 있는데, 깻묵과 쌀겨를 3;2로 섞어서 10배 물을 부어 2개월가량 발효시킨다. 이때 물대신 막걸리로 대신하여도 좋고 흑설탕을 조금 가미하여도 좋다. 발효가 끝나면 윗물을 따로 받아 물 10배에 희석하여 물 비료 상태로 웃거름으로 준다. 깻묵 찌꺼기는 밭흙 속에 넣어주어도 좋다. 깻묵비료는 발효하면서 냄새가 고약하므로 아파트에서는 만들기 곤란하다."
무,웃거름[2차],① 2차 웃거름은 1차 후 15일경에 준다.② 2차 웃거름은 열사이를 파서 비료를 넣어준다. ③ 웃거름 전용비료인 '원예추비’나 ‘원예웃거름’으로 줄 경우에 2차에 60g/㎡을 주며 자람세를 보아 주는 양을 가감할 수 있다.
무,수확하기,"① 봄무 : 봄무 수확기는 고온기로 접어들므로 배추좀나방 피해가 우려되므로 수확기를 늦추지 않도록 한다. 생육기간 중에 해충 피해가 우려될 때에는 솎음 수확을 통해 피해를 최소한으로 줄인다. ② 열무 : 열무 생육기간은 봄가을에는 40일 전후, 여름에는 30일 전후면 수확하기 알맞게 자란다. 그러므로 봄부터 가을까지 연중 여러 번 재배가 가능하다. ③ 가을무 : 무는 영하 2~3℃에서 동해피해를 받으므로 11월부터서는 일기예보에 유의하여 영하 2~3℃추위가 예보 될 때는 수확을 해야 한다. 김장여건이 맞지 않을 때는 가저장을 할 수 있는데, 흙을 50~60cm 깊이로 판 다음, 무를 뽑아서 무가 땅에 묻히도록 깊게 파묻는다. 이때 잎을 제거하여 파묻으면 노력을 절감할 수 있고 잎을 붙인 채로 파묻을 수도 있지만 잎에서 증산작용이 일어나지 않도록 잎도 함께 묻어주어야 한다. 잎에서 증산작용이 이루어질 경우 무 수분을 빼앗겨 바람들이 현상이 나타날 수 있다. 급작스런 한파에 가저장을 할 수 없을 경우에는 비닐이나 짚으로 덮어주면 2~3℃ 온도를 높여줄 수 있어 언 피해를 경감시킬 수 있다.(그림 1. 무 수확기), (그림 2. 뿌리비대가 잘된 무)"
무,밑거름,"① 텃밭에 밑거름을 줄 때는 복합비료를 주는 것이 간편하다. 원예용 복합비료는 여러 가지 제품이 나와 있는데, 예를 들어 성분량이 10-11-12-2(고토)-0.3(붕소)으로 표시되어있을 경우에 비료성분은 질소(N) 10%, 인산(P) 11%, 칼리(K) 12%, 고토(Mg) 2%, 붕소(B) 0.3%가 함유되어 있음을 의미하며 전 세계적으로 공통적인 표기방법이다. ② 무 밭에 밑거름은 1㎡ 당 퇴비 1.5kg, 원예용복합비료 100g 또는 혼합유기질비료 300g을 밭 전면에 고루 펼쳐 뿌려준다. ③ 텃밭은 규모가 작기 때문에 작물별로 비료를 세분하여 따로 줄 수 없다. 그래서 위의 비료량을 밑거름으로 준 다음 다른 작물을 심어도 큰 문제가 없다. ④ 복합비료가 아닌 단용비료로 줄때는 1㎡ 당 퇴비를 1.5kg, 요소 10g, 용과린 30g, 염화가리 8g, 석회 200g을 주되 무 육질에 검은 심이 박힌 밭에는 반드시 붕사 1g을 밑거름으로 넣어준다."
무,이랑 만들기,"① 퇴비와 비료를 고루 펼친 다음 밭을 갈아엎고 로터리 작업으로 흙을 곱게 분쇄한 다음 이랑을 120cm로 만든다.두둑은 90cm,고랑은 30cm로 만들며 무씨를 뿌리기 10일전까지 만들어야 한다. (그림 1. 이랑 만들기)② 밭을 갈때 깊이갈이를 하여 뿌리가 잘 자랄 수 있도록 해준다."
무,씨뿌리기,"① 무씨는 한 구멍에 5알 내외를 넣되 종자직경의 5배 정도 깊이로 파 넣고 흙을 덮어준다. 너무 얕으면 건조하여 싹이 트지 않을 수도 있고 너무 깊게 넣으면 싹트는 기간이 오래 걸리거나 싹이 트지 않을 수도 있으므로 씨 넣는 깊이를 유의해야 한다.② 가을무의 경우 두둑 90㎝, 고랑 30㎝, 두둑높이 15㎝로 만든 이랑에 포기간격 20㎝, 열간격 60㎝로 2열 파종을 한다. (그림 1.)③ 소형무나, 총각무의 경우 포기간격 20㎝, 열간격 25㎝로 4열 파종 한다. (그림 2.)④ 씨뿌리기를 하고 4~7일 후면 싹이 트기 시작한다."
무,솎아내기,"① 무 싹이 트면 보통 2회로 나누어 솎음작업을 실시한다.② 1차 솎음은 싹이 터서 모두 올라오면 떡잎 모양이 정상적이며 뿌리가 올곧은 것으로 한 곳에 2~3본만을 남기고 솎아준다. ▶멀칭을 하지 않은 밭은 솎음을 하며 주변 잡초도 제거해 주도록한다. 풀이 자라는 초기에는 뿌리가 강하게 내리므로 풀을 뽑을 때 흙이 패이지 않도록 조심해야 한다.③ 2차 솎음은 본잎이 2~3매 나왔을 때 생육이 고른 것 하나만 남기고 솎아주며, 너무 크게 자라거나 생육이 쳐지는 것을 솎아준다. ④ 이렇듯 하나씩 남긴 무들이 생육이 고르면 중간 생육이나 수확기에 이르러도 무의 생육이 고르게 자라서 무의 크기가 일정하게 생육하며 품질이 좋은 무를 수확할 수 있다. 그렇지만 2차 솎음작업을 할 때 생육이 빠르고 크게 자란 것을 남기고 솎아주면 (그림2.솎음작업을 잘못한 경우)에서 보는 바와 같이 생육이 빠른 개체가 주변의 수분과 양분을 독차지하며 자라게 되어 수확기에 이르면 아주 생육이 우수하게 되지만 그 옆에서 자란 무는 양수분을 빼앗겨 정상적인 생육을 하지 못하고 생장이 쳐져서 무의 크기나 품질이 크게 떨어지게 된다. 그러므로 2차 마지막 솎음작업은 주변 무의 생육을 보아가며 평균적으로 고르게 생육한 것으로 남기면 서로 동등한 세력으로 경쟁을 해가며 양분과 수분을 나누어 흡수하도록 하면 전체 생육이 고르게 자라서 무의 크기나 품질이 우수한 무를 수확할 수 있다."
우현숙(고추),고추 밑거름,"①텃밭에 밑거름을 줄 때는 복합비료를 주는 것이 간편하다. 원예용 복합비료는 여러 가지 제품이 나와 있는데, 예를 들어 성분량이 10-11-12-2(고토)-0.3(붕소)으로 표시되어있을 경우에 비료성분은 질소(N) 10%, 인산(P) 11%, 칼리(K) 12%, 고토(Mg) 2%, 붕소(B) 0.3%가 함유되어 있음을 의미하며 전 세계적으로 공통적인 표기방법이다. 위의 예에서 복합비료 포장단위는 20kg이므로 실제 1포에 들어 있는 비료실량은 질소 2kg, 인산 2.2kg, 칼리 2.4kg, 고토 0.4kg, 붕소 60g이 함유되어 있는 것이다. ②고추 밭에 밑거름은 1㎡ 당 퇴비 3 kg, 원예용복합비료 100g 또는 혼합유기질비료 300 g을 밭 전면에 고루 펼쳐 뿌려준다. 텃밭은 규모가 작기 때문에 작물별로 비료를 세분하여 따로 줄 수 없다. 그래서 위의 비료량을 밑거름으로 준 다음 다른 작물을 심어도 큰 문제가 없다."
우현숙(고추),이랑만들기,퇴비와 비료를 고루 펼친 다음 밭을 갈아엎고 로터리 작업으로 흙을 곱게 분쇄한 다음 골 100 cm 간격으로 높이 45 cm로 높게 만들어야 한다. 이 작업은 고추를 심기 1~2주전에 밭을 만들어야 한다. 이때 비닐을 씌워주면 땅 온도가 높아져서 고추를 옮겨 심은 후 활착이 원활하고 땅의 수분증발을 막아주어 가뭄 걱정을 덜어준다.
우현숙(고추),모종준비,"①고추는 씨앗을 뿌려 가꾸는 작물이지만 씨앗을 뿌려 모를 기르는 기간이 2월 중순에 씨앗을 뿌려 모종을 심는 5월 상순까지 2개월 이상 걸리고 모 기르는 기술은 높은 기술을 필요로 하기 때문에 고추를 전문적으로 농사짓는 농업인도 채소육묘공장에 고추 모종을 주문하여 모종을 구입하여 농사를 짓는다.따라서 텃밭에 심는 고추도 모종을 사다 심는 것이 좋다. ②이때 고려할 점은 고추 품종이 매운 품종인지 아닌지 입맛에 맞게 선택해야 하며 모종이 노화되지 않은 싱싱한 모종을 선택한다. 싱싱한 모종은 육묘상자(플러그트레이)에서 모종을 뽑아 뿌리를 살펴보아 뿌리와 뿌리털이 하얗게 생기가 있으면 싱싱한 모종이고, 색깔이 노랗게 변색되어 있으면 뿌리기 노화된 묘이며, 노화묘를 심으면 뿌리 활착이 더뎌서 생육이 지연된다."
우현숙(고추),모종심기,"①고추 모종 심는 시기 : 고추는 서리에 매우 약하므로 늦서리가 끝나는 5월에 심어야 안전하며 심는 시기를 당겨서 4월에 심으면 자칫 늦서리 피해로 고추 모종을 다 죽이고 다시 심어야 하는 경우도 생길 수 있으니 중부지역은 5월 상순, 남부지방은 4월 하순 이후에 심어야 서리 피해를 피할 수 있다.②고추 모종 심기 좋은 날 : 고추 모종을 심기 좋은 날은 햇빛이 좋은 맑은 날이 좋은데 맑은 날은 땅 온도가 높아 뿌리의 활착이 매우 빠르게 진행된다. 바람이 심하게 부는 날은 고추 모종의 잎에서 증산작용이 활발하여 쉽게 시들게 되므로 좋지 않다. 비가 오는 날은 물주는 노력을 덜 수 있지만 땅 온도가 낮아서 좋지 않다. ③모종 심는 요령 : 고추를 심을 때 주의해야할 점은 모종 흙이 밭 흙 위로 올라오도록 얕게 심는 것이다. 고추 모종을 얕게 심으면 땅 온도가 높아서 뿌리내림이 매우 빨라진다. 햇빛을 직접 받는 겉흙은 땅 온도가 빨리 오르는 반면 땅속 깊은 곳은 온도가 낮아서 새 뿌리의 발생이 더디기 때문이다. 또 고추 모종은 땅에 맞닿는 부분이 병으로부터 매우 취약하므로 모종 흙이 땅 위로 약간 드러나게 심으면 땅에서 전염되는 병의 감염을 막을 수 있다.  ④고추 모종 심는 간격 : 고추밭의 이랑 간격은 100cm 이고 심는 간격은 35~40cm로 심는다. 이렇게 심으면 1㎡당 3포기 정도 심을 수 있다."
우현숙(고추),웃거름,"①고추를 심은 후 25일 경과하면 1차 웃거름을 주고 이후 2차, 3차 웃거름도 25일 경과할 때마다 웃거름을 주는데, 모두 3회를 주며 시기는 8월 상순까지 주며 8월 하순에 주는 비료는 고추 생육에 큰 도움을 주지 못한다. ②1차 웃거름은 포기에서 15cm 반경에 2차 웃거름은 30cm 반경, 3차 웃거름은 45cm 반경에 호미로 흙을 파고 비료를 넣고 덮어 준다. ③웃거름은 웃거름 전용비료(N-K비료)로 주는 것이 편리한데 웃거름 전용비료인 ‘원예추비’(13-0-13-3-0.3)나 ‘원예웃거름’(12-0-12-2-0.2)이 있다. 웃거름을 ‘원예추비’나 ‘원예웃거름’으로 줄 경우에 매회 차 10g/㎡씩 3회를 주며 자람세를 보아 주는 양을 가감할 수 있는데, 무성히 잘 자라면 30% 줄이고 자람세가 약하면 30% 가량 늘려 줄여준다. ④화학비료 대신 깻묵비료를 만들어 줄 수 있는데, 깻묵과 쌀겨를 3;2로 섞어서 10배 물을 부어 2개월가량 발효시킨다. 이때 물대신 막걸리로 대신하여도 좋고 흑설탕을 조금 가미하여도 좋다. 발효가 끝나면 윗물을 따로 받아 물 10배에 희석하여 물 비료 상태로 웃거름으로 준다. ⑤깻묵 찌꺼기는 밭 흙 속에 넣어주어도 좋다. 깻묵비료는 발효하면서 냄새가 고약하므로 아파트에서는 만들기 곤란하다."
우현숙(고추),풋고추 수확,고추 과일은 꽃이 핀 후부터 30일 가량은 주로 양적인 크기 생장을 하며 30일 이후에는 고추의 풍미와 착색이 이루어지고 종자가 충실해진다. 그러므로 풋고추 수확은 개화 후 3~4주가 경과하면 수확할 수 있다.
우현숙(고추),홍고추 수확,"고추가 붉은 고추로 성숙하는데 필요한 적산온도(일평균온도를 누적한 온도)는 약 1,000℃ 이상이며 보통 45일이면 착색이 완료되어 홍고추로 수확할 수 있다. 온도가 높으면 빨리 성숙하고 온도가 낮으면 붉은 고추로 성숙이 늦어진다."
우현숙(고추),고추말리기,홍고추를 수확하여 통고추로 햇볕에 말리면 시간이 오래 걸리고 희나리 발생이나 썩을 우려가 많다. 그러므로 자가 소비용은 통고추를 절개하여 말리면 건조기간을 줄일 수 있다.
브로콜리,1차 밑거름,"▷ 심기 2주일전, 고토석회 100g/㎡를 섞어 밭을 갈아줍니다."
브로콜리,2차 밑거름,"▷ 심기 1주일전: 퇴비 2kg/㎡, 화학비료 100g/㎡를 섞어서 밭을 갈아줍니다."
브로콜리,이랑만들기,"① 심기 직전에 이랑을 만들어 준다.② 배수가 나쁜 흙일 경우, 뿌리가 썩는 현상이 발생하기 쉬우므로 두둑을 높게 만들어준다."
브로콜리,심기,"① 브로콜리의 한그루의 간격을 30~40cm씩 2열로 하여 두둑에 모종 심을 구멍을 판다. 본잎이 4~6장이 난 모종을 심고, 그 위에 흙을 덮은 후 가볍게 눌러준다.② 정식 후 생육촉진과 잡초방제를 위해 P.E멀칭 재배가 효과적이며 터널재배시 조기수확 및 재배시기의 폭을 넓힐 수 있다."
브로콜리,1차 웃거름 / 북주기,① 심은 지 2~3주 후에 1차 비료를 준다. 한 그루당 화학비료 한줌(10~20g)을 뿌린다. 그런 다음 손끝으로 흙과 비료를 잘 썩어 그루에 덮어준다.
브로콜리,2차 웃거름 / 북주기,① 심은 지 5~6주 후에 2차로 비료를 준다. 두둑의 양쪽에 고랑을 판 후 1㎡당 화학비료 한 줌(20~30g)을 뿌린다. 그 다음 흙을 덮어 고랑을 메운다.
브로콜리,수확,① 봉오리가 지름 15cm정도 되면 수확적기다. 카위나 칼을 사용하여 봉오리의 밑부분을 자른다.② 첫 수확을 한 후에는 곁순(봉오리)이 지름 3~5cm되면 가위로 잘라 수확한다.
시금치,밑거름,"① 시금치는 재배 작형에 따라 약간의 차이는 있지만 비교적 다른 엽채류와 마찬가지로 재배기간이 짧아서, 파종할 장소에 퇴비 등으로 밑거름을 넉넉히 넣어 주는 것이 좋다. ② 시금치는 산성에 매우 약한 작물이므로, 석회를 주어 토양을 개량한 다음 재배를 해주는 것이 좋으며, 퇴비와 석회는 파종 2주 전에 주고 밭을 갈아두었다가 밑거름은 파종 1주일전에 준다. ③ 밑거름으로 1㎡당 퇴비는 2kg, 석회는 150g정도가 적당하다."
시금치,이랑만들기,"① 완전히 발효가 된 완숙퇴비를 뿌리고 흙과 잘 섞이도록 괭이나 삽으로 갈아 엎는다. ② 이랑은 텃밭의 상황에 따라 재배하기 편리한 대로 정할 수 있지만, 폭 70-90cm, 높이 10cm 정도가 좋다. 고랑은 물빠짐이 잘 되도록 적당하게 만든다. ③ 시금치는 종자를 직접 땅에 파종하기 때문에 두둑의 윗면을 평평하게 해 주는 것이 좋다."
시금치,씨앗준비,시금치는 봄과 가을재배 작형에 따라 사용하는 품종이 다르다. 따라서 종자를 판매하는 곳에서 재배하려는 계절에 적합한 품종에는 어떤 것들이 있는지를 문의하고 구입하는 것이 좋다. [재배 TIP]시금치는 자가채종이 비교적 용이한 작물로 추대가 올라오면 1-2대 정도를 남겨 씨를 받아 두는 것도 좋다.
시금치,씨뿌리기,"① 시금치 종자는 껍질이 두꺼워 24시간 정도 물에 담갔다가 파종을 하는 것이 좋다고 알려져 있다. 하지만 종묘회사에서 판매하는 종자는 밭에 직접 파종을 해도 발아에는 문제가 없으므로 바로 사용해도 좋다. 다만 구매하는 종자의 경우 화학농약으로 소독을 하기 때문에 농약이 걱정이 된다면 물로 종자 표면을 씻어내고 파종하면 좋다. ② 봄파종재배는 4월 초에서 4월 중순까지, 가을파종재배는 9월 중순 경에 파종한다.③ 파종은 줄뿌림(조파)과 흩어뿌림(산파) 모두 가능하며, 깊이는 0.5cm내외가 좋다. 파종 후에는 부드러운 흙으로 종자가 드러나지 않도록 가볍게 덮어준다. ④ 폭 70cm 넓이의 이랑이라면 5줄 정도로 심고, 씨앗의 간격은 약 1-2cm정도로 한다. 봄파종재배의 경우는 씨앗의 간격을 조금 더 넓게 심는 것이 좋다."
시금치,1차 솎음작업,"① 시금치는 재배할때 빽빽하게 심는 편이 발육이 좋아 생육이 진전됨에 따라 솎아서 출하 할수 있다. 빽빽하게 심어진 경우 싹이 튼 후 솎음작업을 해준다.② 씨뿌리기 후 1-2주가 지나면 1차 솎아내기를 한다. 생육이 나쁜것은 뽑아내고, 그루의 간격을 2~3cm 되도록한다."
시금치,2차 솎음작업,"2주일경에 포기사이를 4~5cm 간격으로 솎아준다. 솎아내기를 할때 남기려는 것까지 뽑히지 않도록 그루의 뿌리를 누르면서 잡아당기거나, 가위로 자른 뒤 그루에 흙을 덮어준다."
시금치,수확하기,"① 시금치는 포기가 풍성하게 자라기 때문에 중간에 크게 자란 것 부터 솎아주기를 해 가면서 수확하는 것이 좋다.② 요리를 하기에 적당한 크기가 되면 가능한 빨리 수확을 한다. 수확은 뿌리채 뽑을 수도 있지만, 칼이나 낫으로 뿌리부분을 남기고 잎 부분만 수확하기도 한다."
시금치,씨뿌리기,"① 시금치 종자는 껍질이 두꺼워 24시간 정도 물에 담갔다가 파종을 하는 것이 좋다고 알려져 있다. 하지만 종묘회사에서 판매하는 종자는 밭에 직접 파종을 해도 발아에는 문제가 없으므로 바로 사용해도 좋다. 다만 구매하는 종자의 경우 화학농약으로 소독을 하기 때문에 농약이 걱정이 된다면 물로 종자 표면을 씻어내고 파종하면 좋다. ② 봄파종재배는 4월 초에서 4월 중순까지, 가을파종재배는 9월 중순 경에 파종한다.③ 파종은 줄뿌림(조파)과 흩어뿌림(산파) 모두 가능하며, 깊이는 0.5cm내외가 좋다. 파종 후에는 부드러운 흙으로 종자가 드러나지 않도록 가볍게 덮어준다. ④ 폭 70cm 넓이의 이랑이라면 5줄 정도로 심고, 씨앗의 간격은 약 1-2cm정도로 한다. 봄파종재배의 경우는 씨앗의 간격을 조금 더 넓게 심는 것이 좋다."
시금치,씨앗준비,시금치는 봄과 가을재배 작형에 따라 사용하는 품종이 다르다. 따라서 종자를 판매하는 곳에서 재배하려는 계절에 적합한 품종에는 어떤 것들이 있는지를 문의하고 구입하는 것이 좋다. [재배 TIP]시금치는 자가채종이 비교적 용이한 작물로 추대가 올라오면 1-2대 정도를 남겨 씨를 받아 두는 것도 좋다.
시금치,씨뿌리기,"① 시금치 종자는 껍질이 두꺼워 24시간 정도 물에 담갔다가 뿌리는 것이 좋다. 하지만 종묘회사에서 판매하는 종자는 밭에 직접 파종을 해도 발아에는 문제가 없으므로 바로 사용해도 좋다. 다만 구매하는 종자의 경우 화학농약으로 소독을 하기 때문에 농약이 걱정이 된다면 물로 종자 표면을 씻어내고 파종하면 좋다. ② 파종에는 10a당 15~18ℓ 정도의 종자가 필요한데 둥근것은 적게들고, 모난 것은 종자가 약간 많이 든다. 파종은 줄뿌림(조파)과 흩어뿌림(산파) 모두 가능한데, 줄뿌림의 경우는 씨뿌릴 자리를 파고 파종 후 흙을 덮어주면 되지만, 전체 이랑에 뿌릴 때에는 갈퀴 등으로 씨 뿌린 이랑 위를 긁어서 씨를 덮는다. 깊이는 0.5cm내외가 좋다.③ 봄파종재배는 4월 초에서 4월 중순까지, 가을파종재배는 9월 중순 경에 파종한다.④ 두둑의 폭이 70cm 넓이라면 5줄 정도로 심고, 씨앗의 간격은 약 1-2cm정도로 한다. 봄파종재배의 경우는 씨앗의 간격을 조금 더 넓게 심는 것이 좋다."
시금치,1차 솎음작업,"시금치는 재배할때 빽빽하게 심는 편이 발육이 좋아 생육이 진전됨에 따라 솎아서 출하 할수 있다. 빽빽하게 심어진 경우 싹이 튼 후 솎음작업을 해준다.씨뿌리기 후 1-2주가 지나면 본잎이 나오기 시작하며, 이때 1차 솎아내기를 한다. 생육이 나쁜것은 뽑아내고, 그루의 간격을 2~3cm 되도록한다."
시금치,2차 솎음작업,"2주일경에 포기사이를 4~5cm 간격으로 솎아준다. 솎아내기를 할때 남기려는 것까지 뽑히지 않도록 그루의 뿌리를 누르면서 잡아당기거나, 가위로 자른 뒤 그루에 흙을 덮어준다."
시금치,수확하기,"① 시금치는 포기가 풍성하게 자라기 때문에 중간에 크게 자란 것 부터 솎아주기를 해 가면서 수확하는 것이 좋다.② 요리를 하기에 적당한 크기가 되면 가능한 빨리 수확을 한다. 수확은 뿌리채 뽑을 수도 있지만, 칼이나 낫으로 뿌리부분을 남기고 잎 부분만 수확하기도 한다."
시금치,밑거름,"① 시금치는 재배 작형에 따라 약간의 차이는 있지만 비교적 다른 엽채류와 마찬가지로 재배기간이 짧아서, 파종할 장소에 퇴비 등으로 밑거름을 넉넉히 넣어 주는 것이 좋다. ② 시금치는 산성에 매우 약한 작물이므로, 석회를 주어 토양을 개량한 다음 재배를 해주는 것이 좋으며, 퇴비와 석회는 파종 2주 전에 주고 밭을 갈아두었다가 밑거름은 파종 1주일전에 준다. ③ 밑거름으로 1㎡당 퇴비는 2kg, 석회는 150g정도가 적당하다."
시금치,이랑만들기,"① 완전히 발효가 된 완숙퇴비를 뿌리고 흙과 잘 섞이도록 괭이나 삽으로 갈아 엎는다. ② 두둑의 넓이는 70-90cm, 높이 10cm 정도가 좋다. 고랑은 물빠짐이 잘 되도록 적당하게 만든다. ③ 시금치는 종자를 직접 땅에 파종하기 때문에 두둑의 윗면을 평평하게 해 주는 것이 좋다."
양파,밑거름,"① 양파는 중성 또는 알칼리성 토양을 좋아하기 때문에 산성토양에 정식할 경우 1~2주 전에 석회를 충분히 넣어 토양 성질을 개량한다. 석회의 양은 1㎡에 130g 정도가 적당하다.② 양파는 생육기간이 약 8~9개월 정도로 긴 기간을 밭에서 자라는 뿌리채소이기 때문에 밑거름을 듬뿍 주는 것이 좋다. 밑거름으로는 완숙퇴비를 1㎡당 약 3kg정도 사용한다. 부숙이 덜 된 퇴비를 사용하면 뿌리에 병이 올 수 있으므로 반드시 완숙퇴비를 사용하는 것이 좋다.③ 가을에 정식을 하고, 동절기에는 생장이 더디기 때문에 필요한 양분은 밑거름 만으로 충분하다. 그러나 이듬해 봄에 날씨가 풀려 땅이 녹고 본격적으로 생육이 시작되면 많은 거름을 필요로 해 웃거름을 주어야 한다. 웃거름은 가능한 한 4월 초순 이전에 주는 것이 좋으며, 퇴비 적당량을 양파밭에 흩뿌린다."
양파,이랑만들기,"① 파종이나 정식 1~2주 전에 완숙퇴비와 석회를 뿌리고 흙과 잘 섞이도록 괭이나 삽으로 갈아 엎는다. 일반적으로 두둑의 폭은 약 70cm 정도로 조성한다.  ② 조성된 이랑을 검은 비닐 등으로 멀칭을 하면 건조, 잡초방지 효과가 있다. 멀칭을 한 비닐에는 15cm 간격으로 5줄이 들어가도록 구멍을 뚫어 놓는다. 농자재상에서 판매하는 13~15공 유공비닐을 구입해서 이용하면 편리하다."
양파,씨뿌리기 (직파 재배시),"① 직파(밭에 직접 씨를 를 하는 경우)는 9월 하순 경에 멀칭 구멍에 5~6립의 씨앗을 뿌리고 흙으로 너무 두껍지 않게 덮는다. 봄철 따뜻한 기운이 돌면 본격적으로 성장을 하는데, 어느 정도 자라면 대파 대용으로 이용할 수 있으므로 중간에 솎아주기를 한다. ② 다음해 3~4월이 되면 멀칭 구멍에 가장 건강한 것으로 한대만 남기고 모두 뽑아야 양파 구근의 생육이 좋아진다."
양파,모종 기르기,"① 종자를 파종해 모종을 기르는 경우에는 정식하기 40~50일 전인 8월 말경에는 파종을 해야 한다.② 밭에서 모종을 기르는 경우는 부드럽고 보수가 잘되는 흙으로 평평하게 이랑을 만들고, 흩어뿌림을 하거나 줄뿌림을 한다. ③ 노지에서 모종을 기르려면 물주기 등의 관리가 지속적으로 이루어져야 하기 때문에 매일 텃밭에 나오기 힘든 경우라면 모종용 플라스틱 트레이를 이용하는 것이 좋다. 상토를 채운 트레이에 구멍당 1립씩 파종을 해 베란다나 정원에서 키우면 안전하게 모종을 기를 수 있다.④ 파종을 한 후에는 흙이 마르지 않도록 물을 충분히 주어야 한다.(그림1. 양파 종자)(그림2. 양파 노지 육묘)"
양파,모종심기,"① 정식을 하기에 적당한 모종은 키가 약 15cm 정도로 잎이 3~4매 정도가 좋다. 요즘에는 종묘상이나 재래시장에 양파모종도 많이 판매되고 있어 적당한 크기의 모종을 구입해 심는 편이 좋다. ② 너무 큰 모를 심으면 추운겨울을 나는데 좋으나 봄이되면 꽃대가 일찍 올라오고, 너무 작은 모를 심으면 꽃대발생은 적지만 월동 중에 말라죽거나 구근의 크기가 작다.③ 멀칭 구멍 한개 당 1포기의 모종을 심고, 모종이 마르지 않도록 물을 충분히 준다."
양파,수확,"① 정식 후 다음해 5월 중~하순 경이 되면 양파의 뿌리가 굵어지고, 줄기가 하나 둘씩 말라 쓰러진다. 줄기가 말라 쓰러지면 수확시기가 왔다는 신호이다. ② 소량을 심었다면 필요한 때에 쓰러진 양파를 순차적으로 뽑아 이용해도 좋지만, 재배한 양이 많다면 전체 줄기의 60~70% 가 말라 쓰러지면 한꺼번에 수확을 한다. ③ 수확은 가능하면 날씨가 맑은 날을 택해서 한다. 수확할 때 비를 맞으면 보관할 때 썩기 쉽다."
양파,보관,"① 수확한 후에는 반드시 바람이 잘 통하는 그늘에서 껍질이 완전히 마를 때까지 건조해서 보관한다.② 가능하면 줄기를 자르지 말고 엮어서 햇볕이 직접 닿지 않는 처마 밑이나 베란다에 걸어두고 보관한다.③ 양파망이나 스타킹 등을 이용해서 보관하기도 하는데, 잘 마른 양파를 망이나 스타킹에 적당히 담아 바람이 잘 통하는 그늘에 걸어두고 이용한다.④ 온도가 높은 곳에 보관하면 싹이 나거나 쉽게 썩을 수있으므로 주의한다."
양파,솎아주기,멀칭한 밭에 직접 종자를 파종한 경우는 구근이 비대해 지기 전인 3~4월 경에 가장 건강한 포기만을 남기고 나머지는 솎아주기를 한다. 멀칭 구멍 한 개에 양파 한 포기만을 남기는 것이 구근의 생육에 좋다.
양파,잡초제거,멀칭을 하면 잡초억제 효과가 있지만 간혹 양파와 같은 구멍에서 잡초가 자라는 경우가 있다. 양파의 생육에 방해가 될 것으로 보이는 잡초는 양파가 뽑히지 않도록 조심해서 제거한다.
마늘,밑거름,마늘은 중성 또는 알칼리성 토양을 좋아하기 때문에 정식하기 1~2주 전에 석회를 뿌려 토양 성질을 개량한다. 석회의 양은 1㎡에 110~150g 정도를 넣는다.
마늘,이랑만들기,"① 마늘 종자를 심기 1~2주 전에 완숙퇴비와 석회를 뿌리고 흙과 잘 섞이도록 괭이나 삽으로 갈아 엎는다. ② 이랑은 텃밭의 상황에 따라 재배하기 편리한 대로 정할 수 있지만, 일반적으로 이랑 폭은 약 1m 정도로 조성한다. 이랑의 높이는 보통 10cm정도로 조성을 하지만, 물빠짐이 좋지 않은 밭에서는 약간 높은 15cm 정도로 이랑을 만든다.   ③ 조성된 이랑을 검은 비닐 등으로 멀칭을 하면 지온을 높여 생육이 빠르고, 잡초방지와 물주는 노력을 줄일 수 있는 효과가 있다. 피복을 한 비닐에는 줄 간격 20cm, 포기 사이 10cm 간격으로 구멍을 뚫어 놓는다."
마늘,씨앗준비,"① 마늘을 처음 재배하는 경우에는 지역의 종묘상이나 전통시장에서 건전한 씨마늘을 구입해서 심는 것이 좋다.② 씨알이 굵고 단단하며, 상처가 없고 뿌리가 나는 부분이 건전한 것으로 골라 준비한다. 마늘 쪽에 상처가 있거나 뿌리가 나는 부분이 불량한 것은 병에걸리기 쉽고 생육이 불량할 수 있으므로 가능한 한 씨마늘로는 사용하지 않는다. ③ 준비된 씨마늘은 파종하기 전날 하루 저녁 동안 물에 담궈 놓으면 발아가 균일해 진다."
마늘,파종하기,"1. 멀칭을 하는 경우① 피복 비닐의 구멍에 나뭇가지나 호미 등으로 5~7cm 깊이의 구멍을 만든다. ② 뚫어 놓은 구멍에 준비된 씨마늘 1개씩 싹이나는 부분이 위로 가도록(뿌리부분이 밑으로 가도록) 세워 심는다. ③ 마늘을 심은 구멍은 부드러운 흙으로 충분히 덮어주고, 구멍 주위에도 흙을 살짝 덮어주면 바람에 비닐이 들뜨거나 훼손되는 것을 방지할 수 있다.2. 밭에 직접 심는 경우 ① 비닐로 피복을 하지 않는 경우는 이랑에 20cm 간격으로 호미나 괭이 등을 이용해 골을 판다. 골의 깊이는 5~7cm 정도가 좋다. ② 10cm 간격으로 씨마늘을 뿌리부분이 밑으로 가도록 심어야하며 옆으로 비스듬히 심거나 거꾸로 심으면 마늘통의 모양이 삐뚤어져 상품가치가 떨어진다. 씨마늘을 심은 후 부드러운 흙으로 잘 덮어준다.③ 파종이 끝나면 이랑 위를 짚이나 왕겨 등으로 덮어준다. 짚이나 왕겨로 피복을 하면 겨울철 동해를 방지할 수 있고, 잡초 발생을 억제해 관리가 용이해 진다."
마늘,재배관리,1. 물주기▷ 마늘 통이 자라는 4~6월에는 봄가뭄이 심해 생육에 지장이 발생할 수 있으므로 밭이 마르지 않도록 충분히 물을 주어야 한다.2. 마늘쫑 뽑아주기▷ 5월 말이 되면 마늘쫑이 나오기 시작한다. 전문가들의 이야기에 따르면 마늘쫑이 나오면 뿌리의 생육에 지장을 주기 때문에 뽑아줘야 한다고도 하고 뽑아주지 않아도 된다는 의견도 있다. 마늘쫑을 뽑아 요리에 이용해 보는 즐거운 일이므로 마늘쫑이 나오면 뽑아 준다.
마늘,수확,"① 6월이 되면 마늘 줄기가 노랗게 마르기 시작하는데, 잎이 50~70%정도 마르면 일시에 수확을 한다. ② 수확은 가능하면 장마가 오기 전에 날씨가 맑은 날을 택해서 한다. ③수확 시기가 늦어져 비를 맞으면 줄기가 썩어 손으로 뽑을 때 줄기가 끊어져 삽이나 호미로 캐야하는 어려움이 있다."
마늘,보관,① 병원균 및 부패균 발생 억제를 위해 수확 후 2~3일 정도 물기가 마를 때까지 건조해서 보관한다.② 가능하면 줄기를 자르지 말고 엮어서 햇볕이 직접 닿지 않는 처마 밑이나 베란다에 걸어두고 보관한다.③ 줄기를 잘라낸 마늘은 양파망이나 스타킹 등에 담아 바람이 잘 통하는 그늘에 걸어두고 이용한다.④ 온도가 높고 습한 곳에 보관하면 싹이 나거나 쉽게 썩을 수있으므로 주의한다.
브로콜리,밑거름,"① 브로콜리는 산성토양에서는 뿌리부분에 병이 발생하기 쉬워지기 때문에, 산성토양인 경우는 정식하기 1~2주 전에 석회를 충분히 넣어 토양 성질을 개량한다. 석회의 양은 1㎡에 110g 정도가 적당하다.② 봄재배는 모종을 정식하고 약 2개월 정도가 지나면 수확이 거의 끝나기 때문에 밑거름만 넣어도 괜찮다. 하지만 가을재배의 경우는 모종 정식 후 약 3개월 이상 재배를 하기 때문에 반드시 웃거름을 주는 것이 좋다. ③ 밑거름으로는 완숙퇴비를 1㎡당 약 2.5kg정도 사용한다. 부숙이 덜 된 퇴비를 사용하면 뿌리에 병이 올 수 있으므로 반드시 완숙퇴비를 사용하는 것이 좋다.④ 가을재배 품종인 중.만생종의 모종을 정식하고 2주 정도가 지난 후에 뿌리가 내리고 새 잎이 나오기 시작하면 웃거름을 준다. 웃거름을 줄 때는 포기를 중심으로 10~15cm정도 떨어진 곳에 호미로 구덩이(깊이는 약 5~10cm 정도)를 파고 완숙퇴비를 한두 주먹 넣은 다음 흙으로 덮어준다. 이 때 구덩이는 포기 둘레의 양쪽으로 파 주는 것이 좋다. 웃거름을 흙으로 덮어줄 때 북주기를 같이 하면 바람에 흔들리거나 쓰러지는 것을 막을 수 있다."
브로콜리,이랑만들기,"① 완전히 발효된 완숙퇴비와 석회를 뿌리고 흙과 잘 섞이도록 괭이나 삽으로 갈아 엎는다. 고랑 폭을 좁게하여 따라 1줄 재배 또는 넓게하여 2줄 재배를 할 수 있다. 두둑의 폭은 1줄 재배는 45cm, 2줄 재배는 70~80cm, 높이는 20cm정도가 적당하다. ② 두둑 위에 멀칭을 하면 정식한 모종이 초봄의 쌀쌀한 날씨를 견딜 수 있고, 보습과 제초효과도 있어 좋다. 하지만 비닐보다는 볏짚이나 건초 등으로 멀칭을 하면 지력 유지에도 도움이 되므로 이를 권장한다.③ 배수가 나쁜 흙일 경우, 뿌리가 썩는 현상이 발생하기 쉬우므로 두둑을 높게 만든다."
브로콜리,모종심기,"① 종자를 파종해 모종을 기르는 경우에는 정식하기 1개월 전에는 파종을 해야 한다. 하지만 최근 텃밭에서 브로콜리의 재배가 늘어나면서 종묘업체에서 재배하려는 계절에 적합한 품종의 모종을 많이 판매하고 있다. 따라서 대량으로 재배하는 것이 아닌 이상 모종을 구입해 심는 것이 효과적이다. ② 모종은 본잎이 5~6장 정도 난 모종을 심고, 그 위에 흙을 덮은 후 가볍게 눌러준다.③ 브로콜리는 잎이 크고 초장(키)도 약간 큰 편이어서 서로 닿지 않을 정도로 간격을 두는 것이 좋다. 포기 사이는 45~50cm정도로 하고, 모종을 너무 깊게 심지 않도록 한다.④ 정식 한 후에는 모종이 마르지 않도록 물을 충분히 주어야 한다."
브로콜리,수확하기,"① 꽃송이가 보이면 수확할 때가 가까워 진 것으로 수확이 너무 늦지 않도록 주의한다. 식용부위인 화뢰(꽃다발)가 10~15cm 정도가 되고, 꽃송이가 단단할 때 수확하는 것이 좋다. 꽃송이가 너무 크거나 꽃이 피기 시작하면 맛과 식감이 나빠진다.② 봄재배의 경우는 장마가 시작하기 전, 가을 재배의 경우는 된서리가 내리기 전에는 수확하는 것이 좋다.③ 수확할 때에는 잎을 3~4장 붙여 칼이나 낫으로 자른다. 줄기부분도 단맛이 강하고 맛이 있어 요리에 충분히 활용할 수 있다. ④ 꽃송이를 수확한 후에도 곁순(봉오리)들을 남겨두면 탁구공 크기의 미니브로콜리를 계속해서 수확할 수 있다."
브로콜리,웃거름 / 북주기,"① 봄 파종의 경우는 심은지(정식) 2주 정도 후에 땅에 뿌리가 내리면 웃거름을 주고, 모종이 흔들리거나 쓰러지지 않도록 모종의 목 부분이 덮힐 정도로 북주기(흙 돋우기)를 해준다.②가을재배의 경우는 정식을 하고 2주 정도 후에 1차 웃거름을 주고, 주변 흙을 긁어 모아 웃거름을 덮어주면서 북주기를 함께 실시한다.2차 웃거름은 1차 웃거름 2주 정도 후에 북주기와 함께 실시한다. 북주기를 포기 밑부분까지 하게 되면 밑부분의 발근이 촉진되어 도복을 방지할수 있다."
상추,수확하기,"상추는 모종을 1개월가량 기르고 본밭에 심어서 2주가 지나면 첫 수확을 할 수 있다. 상추는 잎을 딸 때, 잎이 크고 완전하게 갖추어진 잎을 따며 아직 크게 전개되지 않은 것은 두어야 한다. 이때 상추 잎의 크기는 손바닥 크기 정도일 때가 쌈 싸먹기에 가장 알맞은 크기이다. 포기 상추는 씨앗을 뿌린 후 60일경에 포기 채로 수확한다."
상추,밑거름,"① 모든 작물의 밑거름은 10일 이전에 주어야 하는데, 밭 전면에 밑거름을 고루 뿌리고 밭을 갈아엎어 경운작업으로 밑거름이 흙속에 고루 섞이게 한다. 텃밭에서 기계작업이 힘들 경우에는 인력으로 삽을 이용해서 하는 수밖에 없다. ② 텃밭의 밑거름은 원예용 복합비료를 이용하는 것이 여러모로 편리하다. 원예용 복합비료는 여러 가지 제품이 나와 있는데, 예를 들어 성분량이 10-11-12-2(고토)-0.3(붕소)으로 표시되어있을 경우에 비료성분은 질소(N) 10%, 인산(P) 11%, 칼리(K) 12%, 고토(Mg) 2%, 붕소(B) 0.3%가 함유되어 있음을 의미하며 전 세계적으로 공통적인 표기방법이다. ③ 상추 밭에 밑거름은 1㎡ 당 퇴비 1.5 kg, 원예용복합비료 100g 또는 혼합유기질비료 300 g을 밭 전면에 고루 펼쳐 뿌려준다. 복합비료가 아닌 단용비료로 줄때는 1㎡ 당 퇴비를 1.5kg, 요소 22g, 용과린 30g, 염화가리 11g, 석회 200g을 밑거름으로 넣어준다."
상추,이랑만들기,퇴비와 비료를 고루 펼친 다음 밭을 갈아엎고 로터리 작업으로 흙을 곱게 분쇄한 다음 이랑을 150cm로 만들어 두둑은 120cm 고랑은 30~40cm로 만드는데 상추 심기 10일전까지 만들어야 한다. (그림 1. 상추 두둑 만들기와 아주심기)
상추,파종하기,"① 상추씨의 파종은 육묘상을 만들어 6cm 간격으로 작은골을 내어 파종하는 방법과 플러그 트레이에 육묘하는 방법이 있는데, 200공 플러그 트레이에 육묘하는 것이 관리에 편리하고 모가 고르게 자라며 본밭에 내다 심어도 몸살을 적게 한다. ② 육묘용 상토는 물 빠짐이 좋고 통기성이 우수하며 병해충에 오염되지 않고 비료성분이 고루 함유되어 있는 토양이 좋다. 상추 육묘에서는 엽채류 육묘전용 상토를 사용하는 것이 입고병을 예방할 수 있으며 튼튼한 모를 안전하게 기를 수 있다."
상추,아주심기,"▷ 상추 모종 고르기 : 좋은 상추 모종은 본엽이 4매 내외이며 해충의 피해가 없으며 잎이 짙은 녹색으로 힘이 있어야 한다. 모종을 뽑아 보아 뿌리의 색깔은 흰색이며 뿌리털이 솜털처럼 살아 있는 모종이 좋은 모종이다. ▷ 모종 심는 시기 : 상추는 남부지방은 3월 하순, 중부지방은 4월 상순부터 심을 수 있다. 상추 모종 심는 깊이는 가급적 얕게 심는 것이 좋다. 상추 모종을 깊이 심게 되면 봄철 흙 온도가 낮아서 활착이 더디므로 흙 온도가 높은 표층에 얕게 심어야 새 뿌리가 빨리 나와 초기생육이 빨라 수확기을 앞당길 수 있다.▷ 상추 모종 심기 : 심는 거리는 품종에 따라 차이가 있지만 텃밭에 심는 잎 따는 상추는 열간격을 15~20cm로 하고 포기 간격을 15~20cm로 심는 것이 일반적이다. 비옥한 밭은 상추가 크게 자라기 때문에 20×20cm 간격으로 심으면 25주/1㎡ 심을 수 있고, 밭이 다소 척박한 땅은 상추가 다소 작게 자라기 때문에 15×15cm로 심으면 442주/1㎡를 심을 수 있다."
상추,솎음작업,① 육묘상 파종한 상추의 씨가 싹이 트면 솎음작업을 실시하는데 1차 솎음은 싹이 터서 모두 올라오면 떡잎 모양이 정상적이며 뿌리가 올곧은 것으로 1본을 남기고 솎아준다. ② 상추 솎음작업은 한 번에 끝내므로 옆에 있는 상추 떡잎을 보와 평균적으로 고르게 생육한 것으로 남기면 서로 동등한 세력으로 경쟁을 해가며 양분과 수분을 나누어 흡수하도록 하면 전체 생육이 고르게 자라서 모종이 고르게 자란다.
상추,웃거름,"① 웃거름은 두 번으로 나누어 주는데 1차 웃거름은 상추 모종을 심은 날로부터 20일경에 주고 2차 웃거름은 1차 후 15일경에 준다. ② 1차 웃거름은 식물체로부터 15cm 떨어진 곳에 깊이 5~10cm로 파서 비료를 넣어주고 흙으로 덮어준다. ③ 2차 웃거름은 열 사이를 파서 비료를 넣어준다. ④ 웃거름은 웃거름 전용비료(N-K비료)로 주는 것이 편리한데 웃거름 전용비료인 ‘원예추비’(13-0-13-3-0.3)나 ‘원예웃거름’(12-0-12-2-0.2)이 있다. 웃거름을 ‘원예추비’나 ‘원예웃거름’으로 줄 경우에 1차와 2차에 각각 60g/㎡을 주며 자람세를 보아 주는 양을 가감할 수 있다.⑤ 화학비료 대신 깻묵비료를 만들어 줄 수 있는데, 깻묵과 쌀겨를 3:2로 섞어서 10배 물을 부어 2개월가량 발효시킨다. 이때 물대신 막걸리로 대신하여도 좋고 흑설탕을 조금 가미하여도 좋다. 발효가 끝나면 윗물을 따로 받아 물 10배에 희석하여 물 비료 상태로 웃거름으로 준다. ⑥ 깻묵 찌꺼기는 밭흙 속에 넣어주어도 좋다. 깻묵비료는 발효하면서 냄새가 고약하므로 아파트에서는 만들기 곤란하다."
아스파라거스,이랑만들기,"① 토심이 깊고 물빠짐이 좋은 토양이 좋다. 특별히 이랑을 만들지 않고 텃밭의 상황에 맞게 정식을 해도 좋지만, 이랑을 만들 경우는 폭은 약 60cm정도로 조성한다.② 정식할 자리에 폭 40cm, 깊이 50~80cm정도로 구덩이를 파고, 20~30정도 높이로 볏짚, 우드칩, 퇴비 등을 다져 넣고 흙을 덮는다."
아스파라거스,아주심기,"① 정식을 하기에 적당한 모종은 키가 약 20~30cm 정도로 잎이 3~4매 정도가 좋다. ② 아스파라거스 모종은 줄기가 매우 가늘어 정식할 때 간격을 좁게 심을 수 있다. 하지만 1, 2년이 지나면 줄기도 굵어지고 포기도 넓어지기 때문에 포기 사이를 너무 가까이 심지 않도록 주의해야 한다. 이랑에 줄을 맞춰 심는 경우라면 40~45cm 간격으로 심는 것이 좋다. ③ 포트에서 꺼낸 모종의 뿌리를 펼쳐서 심으며, 지면보다 조금 깊게 심는다.④ 정식한 후에는 모종이 마르지 않도록 물을 충분히 준다."
아스파라거스,파종하기,"1. 종자 구입① 아스파라거스는 아직 모종으로 판매하는 곳이 거의 없기 때문에 종자를 구입해 직접 모종을 길러야 할 것이다.② 몇년 전만 해도 아스파라거스 종자의 가격이 비싸고, 판매 단위가 커서 텃밭을 하는 사람들이 구입하기에는 부담이 있었지만, 최근에는 소량의 종자를 판매하는 종묘상이 늘고 있고 인터넷을 통해서도 쉽게 구입할 수 있다.2. 모종 만들기① 모종은 밭에서 기를 수도 있지만 스티로폼박스를 이용하면 집안에서 쉽게 기를 수 있다. 4월 중순 경에 스티로폼박스에 모래를 담고 종자를 흩뿌린 뒤 모래로 살짝 덮어준다. ② 스티로폼 상자에서 약 2개월 정도 키우면 모종이 20~30cm정도로 자라는데, 그대로 스티로폼 상자에서 키우는 것 보다는 모종이 약 10cm정도로 자랐을 때 비닐포트에 한차례 옮겨심어 키우면 훨씬 더 세력이 강한 모종을 만들 수 있다.  ③ 파종한 종자는 마르지 않도록 하루 1회 정도 지속적으로 물을 준다."
아스파라거스,아주심기,"① 정식을 하기에 적당한 모종은 키가 약 20~30cm 정도로 잎이 3~4매 정도가 좋다. ② 아스파라거스 모종은 줄기가 매우 가늘어 정식할 때 간격을 좁게 심을 수 있다. 하지만 1, 2년이 지나면 줄기도 굵어지고 포기도 넓어지기 때문에 포기 사이를 너무 가까이 심지 않도록 주의해야 한다. 이랑에 줄을 맞춰 심는 경우라면 40~45cm 간격으로 심는 것이 좋다. ③ 포트에서 꺼낸 모종의 뿌리를 펼쳐서 심으며, 지면보다 조금 깊게 심는다.④ 정식한 후에는 모종이 마르지 않도록 물을 충분히 준다."
아스파라거스,밑거름,"① 아스파라거스는 뿌리가 깊고 넓게 뻗는 성질이 있고, 뿌리로 월동을 하기 때문에 볏짚이나 우드칩 등과 같이 오랜기간 비료효과를 낼 수 있는 거친 유기물을 사용하면 좋다.② 이랑을 만들기 전에 땅에 구덩이를 파고 우드칩이나 볏짚, 퇴비 등을 넣는다.③ 아스파라거스는 다비성 작물이기 때문에 수확이 끝난 늦가을이나 싹이 나오기 전인 이른 봄에 완숙퇴비 등으로 웃거름을 충분히 준다. 텃밭에서 나온 농산물 찌꺼기 등과 같은 부산물을 수시로 아스파라거스 포기 주변으로 쌓아 놓으면 비료효과와 보수효과가 있어 좋다."
아스파라거스,재배관리,"1. 1, 2년차 관리▷ 1, 2년까지는 새 줄기가 나오더라도 뿌리의 활력을 위해 수확하지 않고 계속해서 기른다.2. 지주 세우기▷ 정식을 하고 줄기가 자라면 대나무나 시판용 지주대 등을 이용해 줄기를 묶어주면 쓰러지지 않고 뿌리 활착이 빠르다.▷ 2년차 이후에도 줄기가 커지면 지주대를 세워 줄기를 묶어주는 것이 관리하기에 편하다.3. 잡초제거▷아스파라거스의 수확시기는 일반 잡초가 자라나는 시기보다 빠르기 때문에 잡초가 문제가 되지 않는다. 다만 수확 이후 여름철에는 포기 주변의 잡초를 뽑아주는 것이 좋은데, 포기 밑둥 주변으로 짚이나 우드칩 등을 두껍게 깔아두면 잡초억제와 비료효과를 낼 수 있어 좋다.4. 줄기 자르기▷가을이 되면 아스파라거스의 줄기가 노랗게 마르기 시작하는데, 뿌리의 영양분이 소모되지 않고 월동을 할 수 있도록 마른 줄기를 일시에 베어버린다. 베어낸 줄기는 태워버리거나 잘게 짤라 포기 주변에 깔아주면 좋다."
아스파라거스,수확하기,"① 정식 후 2년차의 겨울이 지나 땅이 녹고 따뜻한 기운이 돌면 아스파라거스의 순이 나오기 시작한다. 아스파라거스 자체는 추위에 매우 강한 채소이지만 새싹은 0℃ 이하로 내려가면 쉽게 냉해를 입는다. 따라서 이른 봄 싹이 나오고 있는 중에 기온이 영하로 내려가는 일이 있으면 야간에는 보온매트 등으로 덮어주는 것이 좋다. ② 기온이 올라가면 새순이 자라는 속도가 매우 빨라지는데, 순의 길이가 25cm정도 자라면 땅 속 1cm정도 깊이에서 칼이나 가위 등으로 자른다. 순을 잡아당겨서 수확하면 뿌리에 손상을 입힐 수도 있어 가능하면 칼이나 가위를 이용해 수확하는 것이 좋다. ③ 수확은 7~8월까지도 가능하지만, 뿌리의 활력을 위해서 포기당 6~7개 정도의 건강한 줄기를 계속해서 자라도록 둔다."
아스파라거스,수확 후 보관,"① 수확한 후에는 바로 요리를 해서 먹는 것이 좋으나, 한창 순이 올라올 때는 저장을 해 두고 먹을 수도 있다.② 물을 적신 종이로 아스파라거스를 싸서 냉장고에 보관하면 2주일 이상 보관이 가능하다."
토마토,토마토의 수세판단,"① 토마토의 이상적인 생육상태는 잎과 잎의 마디 길이가 3~4cm가 좋고 줄기에 붙은 잎의 각도가 60°, 줄기에서 소엽까지 길이는 6cm정도가 이상적이다.(그림1. 토마토의 이상적인 생육상태)② 또, 토마토의 초형을 보아 수세를 판단할 수 있는데 토마토 초형이 역삼각형은 현재 수세가 강하여 웃거름을 주지 말아야 하며, 초형이 직사각형 모양으로 곧게 자라면 정상적인 생육으로 웃거름을 계획대로 주고, 키가 지나치게 작게 자라서 정사각형 초형일 경우에는 웃거름을 계획대로 주며 관수량을 늘려 준다.(그림2. 토마토 수세판단)"
토마토,순따기와 줄기유인,"① 토마토는 원 줄기가 자라면서 잎이 붙은 안쪽에서 곁가지가 발생하지만 토마토 착과는 원줄기에 하므로 곁가지는 10cm 이상 자라지 않도록 제거해준다. 토마토 꽃은 원줄기의 9마디 내외에서 제1화방에 꽃이 피는데, 일반 토마토는 4개 내외의 꽃이 피고, 제2화방은 원줄기 11~12마디 내외에서 발생하여 4~6개의 꽃이 피고, 제3화방은 14~15마디 내외에서 발생하며, 다시 제4화방은 17~18마디에서 발생하고 이후 제5화방은 20마디 내외에서 발생하는 것이 일반적이다.② 생육온도가 높으면 화방 발생이 불량하여 화방발생 간격이 커진다. 방울토마토의 경우 각 화방에서 개화하는 꽃의 개수는 최소 20개 이상이며 영양 상태에 따라서 50~60개까지도 수확할 수 있다. 또, 각 화방의 발생속도는 대략 1화방에 1주일 정도의 간격으로 생육이 진전된다. ③ 또한, 토마토 화방 나오는 방향은 제1화방 방향이 남쪽으로 발생하여 나오면 2, 3, 4, 5화방도 제1화방과 같은 남쪽 방향으로 나온다. 따라서 토마토 모종을 심을 때 제1화방 방향을 살펴서 제1화방 나온 방향을 남쪽으로 심거나 햇빛이 잘 드는 고랑 쪽을 바라보고 심으면 토마토 관리가 쉬울 뿐만 아니라 토마토 과일이 성숙하면서 착색이 양호하고 토마토 고유의 맛과 향이 우수하게 성숙된다. ④ 대개, 텃밭에서는 5화방까지 가꾸는 것이 좋다. 더 이상 자라게 하는 것은 토질의 한계에 이르기 때문인데 토질이 좋은 곳은 6화방 이상까지도 가능할 것이고 토질이 불량한 곳은 5화방까지 가꾸는 것도 벅찰 것이다. 수확을 종료하고자 할 때는 수확예정 화방의 위쪽 잎 2~3매를 남기고 순을 질러준다. 순을 질러주면 동화양분이 수확예정 화방까지 균등하고 충분하게 되어 과실의 성숙이 양호해진다.(그림. 토마토 줄기유인과 착과 그리고 곁순따주기)"
토마토,수확하기,토마토는 꽃이 핀 후 45~50일경이 경과하면 과일 겉 표면이 빨갛게 착색이 된다. 같은 화방 내에서도 꽃이 순차적으로 피기 때문에 성숙하는 것도 순차적으로 이루어져 제일 먼저 꽃핀 것이 제일 먼저 성숙과 착색이 이루어져 수확이 제일 빠르다. 그러므로 토마토는 착색이 빠른 것부터 순차적으로 따서 이용한다. 수확하는 때는 햇볕이 뜨거운 한 낮에 수확하면 과일의 온도가 높아 저장성이 떨어진다. 그러므로 과일의 온도가 낮은 이른 아침이나 저녁때 수확하는 것이 좋다. 방울토마토도 마찬가지이다.
토마토,이랑만들기,"퇴비와 비료를 고루 펼친 다음 밭을 갈아엎고 로터리 작업으로 흙을 곱게 분쇄한 다음 두줄이랑은 180cm로 만들어 두둑은 150cm 고랑은 30cm로 만들고, 한줄이랑은 100cm로 하여 두둑은 60cm 고랑은 40cm로 만드는데 토마토를 심기 1주일 전까지는 만들어야 한다. (그림 1. 토마토 이랑 만들기와 심는 거리)"
토마토,1차 밑거름,"텃밭에 밑거름을 줄 때는 복합비료를 주는 것이 간편하다. 원예용 복합비료는 여러 가지 제품이 나와 있는데, 예를 들어 성분량이 10-11-12-2(고토)-0.3(붕소)으로 표시되어있을 경우에 비료성분은 질소(N) 10%, 인산(P) 11%, 칼리(K) 12%, 고토(Mg) 2%, 붕소(B) 0.3%가 함유되어 있음을 의미하며 전 세계적으로 공통적인 표기방법이다. 토마토 밭에 밑거름은 1㎡ 당 퇴비 2 kg, 원예용 복합비료 136g 또는 혼합유기질비료 350 g을 밭 전면에 고루 펼쳐 뿌려준다. 텃밭은 규모가 작기 때문에 작물별로 비료를 세분하여 따로 줄 수 없다. 그래서 위의 비료량을 밑거름으로 준 다음 다른 작물을 심어도 큰 문제가 없다. 복합비료가 아닌 단용비료로 줄 때는 1㎡ 당 퇴비를 2kg, 요소 30g, 용과린 82g, 염화가리 13g, 석회 200g을 준다."
토마토,모기르기,토마토는 모 기르는 기간이 70일 가량으로 길며 온도관리와 물 관리 등 세심한 노력이 들어가므로 텃밭에 심을 모종은 직접 기르는 것보다 사다 심는 것이 좋다.
토마토,모종심기(아주심기),"① 토마토 좋은 모종 고르기▷토마토 잎이 10개 이상이 나고 제1화방에 8마디 정도에 붙어있고, 꽃이 1개 정도 개화한것이 좋다. ▷키가 큰 것보다는 작은 것, 떡잎이 노랗게 노화된 것 보다 짙은 녹색을 유지하는 것이 좋다.▷플러그트레이에서 뿌리를 뽑아 보아 뿌리가 흰색으로 솜털 같은 잔뿌리가 보이는 것이 좋다.▷뿌리 색깔이 누렇게 변색된 것은 뿌리가 노화된 것으로 노화된 모종은 심으면 새 뿌리가 더디게 나오므로 활착이 늦어져 초기 생육이 늦어지므로 유의한다. ② 토마토 모종 심는 시기▷토마토는 서리에 매우 약하므로 늦서리가 끝나는 5월에 심어야 안전하다.▷심는 시기를 당겨서 4월에 심으면 자칫 늦서리 피해로 모종을 다 죽이고 다시 심어야 하는 경우도 생길 수 있으니 중부지역은 5월 상순, 남부지방은 4월 하순 이후에 심어야 서리 피해를 피할 수 있다.③ 토마토 모종 심기 좋은 날▷모종을 심기 좋은 날은 햇빛좋고 맑은 날이 좋은데, 맑은 날은 땅 온도가 높아 뿌리의 활착이 매우 빠르게 진행된다. ▷바람이 심하게 부는 날은 모종의 잎에서 증산작용이 활발하여 쉽게 시들게 되므로 좋지 않다. ▷비가 오는 날은 물주는 노력을 덜 수는 있지만 땅 온도가 낮아서 좋지 않다. ④ 모종 심는 요령▷토마토 모종을 심을 때 주의해야할 점은 모종 흙이 밭 흙 위로 올라오도록 얕게 심는 것이다. ▷모종을 얕게 심으면 땅 온도가 높아서 뿌리내림이 매우 빨라진다. ▷햇빛을 직접 받는 겉흙은 땅 온도가 빨리 오르는 반면 땅속 깊은 곳은 온도가 낮아서 새 뿌리의 발생이 더디기 때문이다. ▷또, 모종은 땅에 맞닿는 부분이 병으로부터 매우 취약하므로 모종 흙이 땅 위로 약간 드러나게 심으면 땅에서 전염되는 병의 감염을 막을 수 있다.  ⑤ 토마토 모종 심는 간격▷두 줄 이랑에서 줄 간격은 80cm, 심는 간격은 40cm로 심으며 외 골이랑은 35~40cm 간격으로 심는다."
토마토,토마토의 수세판단,"토마토의 이상적인 생육상태는 잎과 잎의 마디 길이가 3~4cm가 좋고 줄기에 붙은 잎의 각도가 60°, 줄기에서 소엽까지 길이는 6cm정도가 이상적이다. 또, 토마토의 초형을 보아 초세를 판단할 수 있는데 토마토 초형이 역삼각형은 현재 초세가 강하여 웃거름을 주지 말아야 하며 초형이 직사각형 모양으로 곧게 자라면 정상적인 생육으로 웃거름을 계획대로 주고, 키가 지나치게 작게 자라서 정사각형 초형일 경우에는 웃거름을 계획대로 주며 관수량을 늘려 준다.(그림 토마토의 이상적인 생육상태)"
토마토,웃거름,"토마토 웃거름은 모두 3회로 나누어 준다. 1차 웃거름은 토마토를 심은 후 25∼30일경에 주며, 2차 웃거름은 1차 웃거름을 준 후 20∼25일경에 주고, 3차 웃거름은 2차 웃거름 준 후 20∼25일 경에 준다. 이렇듯 일정한 간격으로 웃거름을 주다보면 토마토의 생육이 너무 과도하게 자라서 과실의 성장이 불량해질 수 있다. 그러므로 웃거름은 토마토의 자라는 모양새를 잘 살펴서 균형 있게 자라도록 한다. (그림 토마토 웃거름 주는 위치)▷ 웃거름 주는 양 : 1차 웃거름은 식물체로부터 15cm 떨어진 곳에 깊이 5~10cm로 파서 비료를 넣어주고 흙으로 덮어준다. 2차 웃거름은 25cm 가량 떨어진 열 사이를 파서 비료를 넣어준다. 3차 웃거름은 고랑이나 열 사이에 웃거름을 준다. 웃거름은 웃거름 전용비료(N-K비료)로 주는 것이 편리한데 웃거름 전용 비료인 ‘원예추비’(13-0-13-3-0.3)나 ‘원예웃거름’(12-0-12-2-0.2)이 있다. 웃거름을 ‘원예추비’나 ‘원예웃거름’으로 줄 경우에 매회 34g/㎡을 주며 자라는 모양새를 보아 주는 양을 가감할 수 있다.화학비료 대신 깻묵비료를 만들어 줄 수 있는데, 깻묵과 쌀겨를 3:2로 섞어서 10배 물을 부어 2개월가량 발효시킨다. 이때 물대신 막걸리로 대신하여도 좋고 흑설탕을 조금 가미하여도 좋다. 발효가 끝나면 윗물을 따로 받아 물 10배에 희석하여 물 비료 상태로 웃거름으로 준다. 깻묵 찌꺼기는 밭 흙 속에 넣어주어도 좋다. 깻묵비료는 발효하면서 냄새가 고약하므로 아파트에서는 만들기 곤란하다."
감자,밑거름,"▷ 봄감자 밑거름① 텃밭에 밑거름을 줄 때는 복합비료를 주는 것이 간편하다. 원예용 복합비료는 여러 가지 제품이 나와 있는데, 예를 들어 성분량이 10-11-12-2(고토)-0.3(붕소)으로 표시되어있을 경우에 비료성분은 질소(N) 10%, 인산(P) 11%, 칼리(K) 12%, 고토(Mg) 2%, 붕소(B) 0.3%가 함유되어 있음을 의미하며 전 세계적으로 공통적인 표기방법이다. ② 밑거름은 1㎡ 당 퇴비 1.5 kg, 원예용복합비료 100g 또는 혼합유기질비료 300 g을 밭 전면에 고루 펼쳐 뿌려준다. 텃밭은 규모가 작기 때문에 작물별로 비료를 세분하여 따로 줄 수 없다. 그래서 위의 비료량을 밑거름으로 준 다음 다른 작물을 심어도 큰 문제가 없다. ③ 복합비료가 아닌 단용비료로 줄때는 1㎡ 당 퇴비를 1.5kg, 요소 22g, 용과린 30g, 염화가리 20g, 석회 100g을 넣어준다. ▷ 가을감자가을감자는 생육후반부에 온도가 낮아지므로 생육전반부에 생육을 촉진시키기 위해 밑거름을 봄 재배 보다 20% 정도 늘리는 것이 좋다."
감자,이랑만들기,퇴비와 비료를 고루 펼친 다음 밭을 갈아엎고 로터리 작업으로 흙을 곱게 분쇄한 다음 이랑을 100cm로 만들어 두둑은 70cm 고랑은 30cm로 만드는데 감자를 심기 10일전까지 만들어야 한다.  (그림 1. 이랑 만들기와 파종간격)
감자,씨감자 심기,"1. 봄 재배▷ 봄 씨감자 산광처리①씨감자를 육아상(그림1. 씨감자 육아상 재배)을 만들고 싹을 길러 내다 심는 것은 노력이 많이 들어 산광싹틔우기 재배법을 많이 취한다. 산광싹틔우기는 씨감자 중에 얼거나 상한것이 없는지를 확인한다. ②20~30일 전에 저장고에서 꺼내어 다음 감자를 심기전까지 직사광선이 들지 않는 따뜻한 비닐하우스나 양지바른 곳에 내어 놓아 감자 잠을 깨운다. ③이렇게 하면 감자 눈에서 싹이 터서 3~5cm 가량 자라면 감자를 칼로 절단한다. 씨감자를 자를때 한쪽당 최소 한개 이상의 눈이 들어가게 하며 100g 이하의 작은 감자는 2등분하고, 중간 크기인 100~150g 정도는 3등분을 하며 150g 이상 큰 감자는 4등분을 하는데, 이때 감자 한쪽의 무게는 대개 40~50g 정도가 알맞다.(그림2. 씨감자 절단) ④절단한 감자는 2~3일간 거적으로 덮어 14~15℃ 기온에서 상대습도를 85~90%로 유지시켜 치유한다. 이렇게 치유한 감자는 다시 약한 햇빛에 노출시켜 감자 싹을 튼튼하게 한 다음 심는다.(그림3. 감자 욕광싹틔기)2. 가을 재배▷ 가을 씨감자 심기 : 가을재배에는 씨감자를 절단하지 않고 재배하는 것이 좋다. 7~8월의 기상은 고온 다습하므로 이때 씨감자를 절단하면 절단면이 쉽게 썩을 수 있기 때문이다. 그러므로 가을감자 씨감자 크기는 30~60g 크기의 감자를 싹틔우기를 생략하고 씨감자를 바로 심는 것이 좋다. 그리고 봄 감자 심는 간격보다 조금 베게 심는 것이 좋다."
감자,북주기,"▷ 봄 감자감자를 심은 후 싹이 올라온 다음, 감자 포기의 주변에 흙을 북돋아 주는 작업을 북주기라고 한다. 감자 북주기는 줄기를 올바르게 세워주어 쓰러짐을 예방하고 포기 주변의 김매기 효과가 있으며 뿌리를 깊게 하여 보호해주어 감자가 햇빛에 노출되어 솔라닌이 형성되는 것을 예방할 수 있다.▷ 가을 감자가을감자는 비닐피복을 하지 않으며 땅 온도가 높게 올라가는 것을 예방하기 위해 감자를 심고 두둑을 볏짚이나 풀을 베어 덮어주면 땅 온도 상승, 가뭄 피해와 폭우의 토양 유실을 막을 수 있다."
감자,물주기,① 우리나라 봄철 기상은 대체로 강우가 적어서 가뭄현상이 나타난다. 이러한 현상은 장마가 시작되는 6월 중하순 경까지 지속되는데 이 기간은 감자를 심고 나서부터 감자 수확할 때까지 감자 전 생육기가 봄 가뭄이 예상되는 시기이다. 그러므로 봄에 감자밭에 물주기를 해 주면 감자 밑이 잘 들어 수확의 기쁨을 크게 누릴 수 있다. ② 물주기는 고랑에 물을 대어 줄 수도 있고 작은 면적에 조로를 이용하여 물을 줄 수 있다. 물을 줄 때는 흠뻑 주어 뿌리 깊은 곳까지 물을 충분히 스며들 수 있도록 충분하게 물을 주어야 한다. 겉흙만 적실 정도로 물을 적게 주면 뿌리의 분포를 얕게 하며 감자 수량 증대에 큰 도움이 못되므로 물주기는 물을 흠뻑 주는 노력이 필요하다. 물론 과다한 수분은 좋지 않다.
감자,감자 비대시 관리,"①감자의 비대는 감자 꽃이 개화하는 시기부터 잎줄기가 노랗게 변하기 시작할 때까지가 감자 비대기이다. 감자 비대는 토양수분이 결정적인 영향을 미친다. 따라서 감자 비대기에 토양 수분이 부족하지 않도록 물주기를 해준다. 대개 물주기 간격은 1주일에 1회 정도가 알맞다. ②덩이줄기 비대에 알맞은 낮 온도가 23~24℃, 밤 온도는 10~14℃이며 일장은 단일 조건이 알맞다. 낮 온도가 25℃ 이상에서는 괴경(덩이줄기) 형성과 비대가 억제된다."
감자,수확하기,▷ 봄 감자① 6월 하순경 하지 무렵이 되면 감자 잎줄기가 노랗게 변하기 시작 한다. 감자 잎이 노랗게 변하기 시작하면 감자의 괴경 비대는 끝났다고 볼 수 있다. 이때가 감자 수확적기이다. ② 감자는 호미나 괭이로 수확할 수 있는데 감자가 상처를 입지 않도록 조심스럽게 수확한다. 대단위 면적의 감자 수확은 트랙터나 경운기 부착 굴착기로 수확하기 때문에 감자가 상처 없이 수확하기 쉬운데 소농기구를 이용하면 깊이 팔 수 없기에 감자가 상처를 입기 쉽다. ③ 이렇게 상처 입은 감자와 장마기간에 감자를 수확하면 감자가 쉽게 썩는다. 그러므로 장마가 시작되기 이전에 감자를 수확하는 것이 좋으며 맑은 날 감자를 수확하여 통풍이 잘되는 냉암소에 저장한다. 감자를 햇빛에 오랫동안 노출시키면 감자 체온이 높아져서 저장 중에 쉽게 썩으므로 주의한다. ▷ 감자 상처 치유 : 수확할 때 발생한 감자의 상처는 감자가 썩는 원인이 되지만 상처 입은 감자는 생리적으로 보호조직을 재생시킨다. 이것을 감자 상처치유라고 하는데 12~18℃ 온도에서 80~85% 습도로 2주간 저장시키면 재생조직이 잘 발달되어 치유된다. 온도가 낮으면 치유기간이 늘어나고 온습도가 높으면 부패될 수가 있으니 주의한다.(그림1. 수확 후 치유)▷ 가을 감자 : 씨감자를 심은 후 100일 전후로 수확하는데 수확기가 영하로 떨어지거나 수확하여 영하로 노출시키면 저장성이 크게 떨어지므로 감자를 얼리지 않도록 한다.
쑥갓,밑거름,"① 텃밭에 밑거름을 줄 때는 복합비료를 주는 것이 간편하다. 원예용 복합비료는 여러 가지 제품이 나와 있는데, 예를 들어 성분량이 10-11-12-2(고토)-0.3(붕소)으로 표시되어있을 경우에 비료성분은 질소(N) 10%, 인산(P) 11%, 칼리(K) 12%, 고토(Mg) 2%, 붕소(B) 0.3%가 함유되어 있음을 의미하며 전 세계적으로 공통적인 표기방법이다. ②쑥갓 밑거름은 1㎡ 당 퇴비 1.5 kg, 원예용복합비료 100g 또는 혼합유기질비료 300 g을 밭 전면에 고루 펼쳐 뿌려준다. 텃밭은 규모가 작기 때문에 작물별로 비료를 세분하여 따로 줄 수 없다. 그래서 위의 비료량을 밑거름으로 준 다음 다른 작물을 심어도 큰 문제가 없다. ③복합비료가 아닌 단용비료로 줄때는 1㎡ 당 퇴비를 1.5kg, 요소 10g, 용과린 30g, 염화가리 8g, 석회 200g을 준다."
쑥갓,이랑만들기,퇴비와 비료를 고루 펼친 다음 밭을 갈아엎고 로터리 작업으로 흙을 곱게 분쇄한 다음 이랑을 150cm로 만들어 두둑은 120cm 고랑은 30cm로 만드는데 쑥갓 씨를 뿌리기 10일 전까지 만들어야 한다.  (그림 1. 쑥갓 이랑과 씨앗뿌리는 간격)
쑥갓,파종하기,"① 쑥갓은 일반적으로 육묘를 하지 않고 씨앗을 뿌린다. 씨앗은 보통 줄뿌림을 하며, 줄뿌림 방향은 밭 흙 성질에 따라서 결정한다. 물 빠짐이 더딘 참흙 땅의 경우 줄뿌림의 골 방향을 양쪽 고랑으로 향하게 하여 줄뿌림의 방향이 자연스럽게 양쪽 고랑으로 향하게 하는 것이다. 반면 물 빠짐이 빠른 모래땅은 줄뿌림 방향을 두둑 방향과 같게 하여 씨뿌림 골이 두둑의 강수량을 조금이라도 더 이용할 수 있게 하는 것이다. ② 1㎡당 1.5ml 종자가 소요된다. 골은 얕게 내고 씨앗을 뿌린 다음 흙은 가급적 얕게 덮어준다. ③ 때에 따라서는 쑥갓도 육묘를 하는 경우가 있다. 대개의 육묘는 수경재배에서 하지만 일반재배에서도 씨앗이 부족하거나 소면적일 경우 육묘를 한다. ④ 쑥갓 육묘는 200공 플러그트레이에 원예용상토로 20일간 정도 육묘를 하여 텃밭에 내다 심는다. ⑤ 쑥갓의 모는 본엽이 3매 내외이면 아주심기에 충분한 크기이다.(사진 쑥갓육묘 사진)"
쑥갓,솎음작업,① 쑥갓 싹이 트면 보통 2회로 나누어 솎음작업을 실시한다. 1차 솎음은 씨앗을 뿌린지 2주일경에 실시하며 쑥갓이 밀생한 부분의 포기간격을 5~10cm 간격으로 솎아준다. 이때 솎음작업은 발아가 늦어져서 생육이 뒤쳐진 것을 위주로 솎아준다.② 2차솎음은 씨앗을 뿌린지 3주일 경과되었을 때 해주며 쑥갓 개체 간격을 10~15cm 간격이 되게 생육이 뒤쳐진 것을 위주로 솎아준다.
쑥갓,웃거름,"① 쑥갓은 생육기간이 짧아서 거름을 모두 밑거름으로 준다. 그렇지만 2차, 3차 재생을 시켜 수확기간을 연장할 때는 웃거름을 추가로 줄 수 있다. ② 웃거름은 쑥갓 골 사이에 호미로 파서 넣어 줄 수 있는데 1차 수확을 한 다음 ‘원예추비’를 50g/㎡을 넣어준다. ③ 화학비료 대신 깻묵비료를 만들어 줄 수 있는데, 깻묵과 쌀겨를 3;2로 섞어서 10배 물을 부어 2개월가량 발효시킨다. 이때 물대신 막걸리로 대신하여도 좋고 흑설탕을 조금 가미하여도 좋다. 발효가 끝나면 윗물을 따로 받아 물 10배에 희석하여 물 비료 상태로 웃거름으로 준다. 깻묵 찌꺼기는 골 사이에 넣어주어도 좋다. 깻묵비료는 발효하면서 냄새가 고약하므로 아파트에서는 만들기 곤란하다."
쑥갓,수확,① 쑥갓은 씨앗을 뿌린 지 1개월이 지나면 15cm 이상 자라서 수확이 가능하다.② 지면에서 가까이 밑동을 잘라 수확하면 재생이 불가능하여 2~3회 수확이 불가능하다. ③ 일반 쑥갓재배에서는 일시 수확하는 재배이므로 지면 가까이 베어서 수확하지만 텃밭에서는 2~3회 수확을 해야 하므로 밑의 잎을 3~5매 남기고 베면 잎자루 안쪽의 눈이 터서 곁가지가 발생하여 20~30일 후 2~3회 수확이 가능하다.(그림 쑥갓 수확)
오이,밑거름,"텃밭에 밑거름을 줄 때는 복합비료를 주는 것이 간편하다. 원예용 복합비료는 여러 가지 제품이 나와 있는데, 예를 들어 성분량이 10-11-12-2(고토)-0.3(붕소)으로 표시되어있을 경우에 비료성분은 질소(N) 10%, 인산(P) 11%, 칼리(K) 12%, 고토(Mg) 2%, 붕소(B) 0.3%가 함유되어 있음을 의미하며 전 세계적으로 공통적인 표기방법이다. 오이 밭에 밑거름은 1㎡ 당 퇴비 1.5 kg, 원예용복합비료 120g 또는 혼합유기질비료 360 g을 밭 전면에 고루 펼쳐 뿌려준다. 텃밭은 규모가 작기 때문에 작물별로 비료를 세분하여 따로 줄 수 없다. 그래서 위의 비료량을 밑거름으로 준 다음 다른 작물을 심어도 큰 문제가 없다. 복합비료가 아닌 단용비료로 줄때는 1㎡ 당 퇴비를 1.5kg, 요소 26g, 용과린 82g, 염화가리 20g, 석회 200g을 넣어준다."
오이,이랑만들기,퇴비와 비료를 고루 펼친 다음 밭을 갈아엎고 로터리 작업으로 흙을 곱게 분쇄한 다음 이랑을 200cm로 만들어 두둑은 160cm 고랑은 40cm로 만드는데 오이를 심기 10일전까지 만들어야 한다.(그림1. 오이 이랑 만들기와 심는 거리)
오이,씨뿌리기,"오이는 1㎡ 당 2~3포기를 심으므로 많은 모종이 필요하지 않다. 1가구당 4~5포기를 심으면 자급하고도 남을 만큼 수확이 되므로 많이 심지 않도록 한다. 피클오이는 포기가 작으므로 1㎡ 당 5~6포기를 심으므로 모종을 많이 확보해야 한다. 육묘는 9cm 포트나 플러그(Plug) 육묘 모두 가능한데 플러그 육묘의 경우는 72공이하의 큰 규격의 트레이(Tray)를 사용하는 것이 좋다.  포트나 플러그 1홀당 파종립수는 3~4립씩 파종하여 1주당 2~3본식이 되게 한다. 육묘용 상토는 병원균과 해충이 없고 모 기르기에 알맞은 비료가 들어 있는 원예용상토(바로커상토, 부농원예용상토)를 사용하는 것이 좋다."
오이,모 기르기,"▷ 솎음작업오이가 싹이 트면 보통 1~2회로 나누어 솎음작업을 실시하는데 1차 솎음은 싹이 터서 모두 올라오면 떡잎 모양이 정상적이며 뿌리가 올곧은 것으로 2~3본을 남기고 솎아주고 2차 솎음은 본 잎이 2매 나왔을 때 생육이 고른 것 하나만 남기고 솎아주는데 너무 크게 자라거나 생육이 쳐지는 것을 솎아준다. 이렇듯 하나씩 남긴 오이 모종의 생육이 고르면 중간 생육이나 수확기에 이르러도 오이의 생육이 고르게 자라서 오이 작업관리가 편리하며 품질이 좋은 오이를 수확할 수 있다. 그런데 2차 솎음작업을 할 때 생육이 빠르고 크게 자란 것을 남기고 솎아주면 생육이 빠른 개체가 주변의 수분과 양분을 독차지하며 자라게 되어 주변 오이들이 정상적인 생육을 하지 못하고 생장이 쳐져서 생육이 고르지 못하게 된다. 그러므로 오이의 솎음작업은 모종상태에서 서로 균형을 이룬 모종을 남기고 솎음 작업을 실시하여 모종의 생육이 균일하게 자라도록 하는 것이 모기르기의 핵심기술이다.▷ 모종 고르기오이는 모 기르는 기간이 15일~30일 정도이다. 그 이유는 오이의 뿌리는 쉽게 노화되므로 모를 노화되도록 육묘기간을 길게 하면 아주심기 이후 새 뿌리가 더디나와 뿌리 활착이 늦게 된다. 따라서 오이 육묘는 가급적 짧게 하는 것이 좋다. 오이 모종은 본엽이 3~5매 정도가 알맞고 떡잎이 노랗게 변색이 되면 모가 노화된 것이다. 모종을 포트에서 뽑아보면 뿌리 색깔이 새하얗게 보이면 뿌리가 싱싱한 것이고 색깔이 노랗거나 갈색을 띄면 뿌리가 노화된 것이므로 좋지 않다. 또한, 오이 잎이 힘차고 변형되거나 기형적인 잎이 있는 것은 좋지 않다. (오이 모종 사진)"
오이,모종심기,"▷ 오이 모종 심기 : 오이는 서리에 매우 약하므로 늦서리가 끝나는 5월에 심어야 안전하며 심는 시기를 당겨서 4월에 심으면 자칫 늦서리 피해로 모종을 다 죽이고 다시 심어야 하는 경우도 생길 수 있으니 중부지역은 5월 상순, 남부지방은 4월 하순 이후에 심어야 서리 피해를 피할 수 있다. 이때 모종 심는 간격은 줄 간격 100cm, 심는 간격은 35~40cm로 심는다. ▷ 모종 심는 요령 : 모종을 심을 때 주의해야할 점은 모종 흙이 밭 흙 위로 올라오도록 얕게 심는 것이다. 모종을 얕게 심으면 땅 온도가 높아서 뿌리내림이 매우 빨라진다. 햇빛을 직접 받는 겉흙은 땅 온도가 빨리 오르는 반면 땅속 깊은 곳은 온도가 낮아서 새 뿌리의 발생이 더디기 때문이다. 또, 모종은 땅에 맞닿는 부분이 병으로부터 매우 취약하므로 모종 흙이 땅 위로 약간 드러나게 심으면 땅에서 전염되는 병의 감염을 막을 수 있다."
오이,웃거름,"▷ 웃거름 주는 시기 ① 웃거름은 세 번으로 나누어 주는데 1차 웃거름은 씨앗을 뿌린 날로부터 25일경에 주고, 2차 웃거름은 1차 후 15일경에 주고, 3차 웃거름은 오이의 자람세를 보아 15일 전후로 웃거름을 준다. ② 1차 웃거름은 식물체로부터 15cm 떨어진 곳에 깊이 5~10cm로 파서 비료를 넣어주고 흙으로 덮어준다. ③ 2차 웃거름은 오이 포기로부터 30cm 가량 떨어진 곳에 그리고 3차 웃거름은 열에서 30cm 정도 고랑이나 열 사이에 골을 파서 비료를 넣어준다. (그림1. 오이 웃거름 주는 위치)④ 웃거름은 웃거름 전용비료(N-K비료)로 주는 것이 편리한데 웃거름 전용비료인 ‘원예추비’ (13-0-13-3-0.3)나 ‘원예웃거름’(12-0-12-2-0.2)이 있다. 웃거름을 ‘원예추비’나 ‘원예웃거름’으로 줄 경우에 매회 각각 20g/㎡을 주며 수세를 보아 주는 양을 가감할 수 있다.⑤ 화학비료 대신 깻묵비료를 만들어 줄 수 있는데, 깻묵과 쌀겨를 3:2로 섞어서 10배 물을 부어 2개월가량 발효시킨다. 이때 물대신 막걸리로 대신하여도 좋고 흑설탕을 조금 가미하여도 좋다. 발효가 끝나면 윗물을 따로 받아 물 10배에 희석하여 물 비료 상태로 웃거름으로 준다. 깻묵 찌꺼기는 밭 흙 속에 넣어주어도 좋다. 깻묵비료는 발효하면서 냄새가 고약하므로 아파트에서는 만들기 곤란하다.▷ 오이의 수세진단오이의 수세판단은 웃거름을 주는 시기를 판단하는 중요한 지침이 된다. 예컨대 오이의 수세진단은 주로 이른 아침에 어린오이가 붙은 암꽃이 개화한 마디에서 생장점까지 길이가 40cm이하이면 수세가 약한 것이고 이때 웃거름을 주어 수세를 회복해야 하며, 60cm가 넘으면 수세가 강하므로 웃거름을 주지 않아도 되는 시점이며 그 길이가 40~60cm 범위에 있으면 계획대로 웃거름을 준다.(그림2. 오이 암꽃 개화 판단하는 수세진단) 생장점에서 수확할 수 있는 오이 착과 마디까지의 길이는 140cm 정도가 초세가 알맞은 상태이다."
오이,지주세우기,"▷ 줄기 유인오이는 줄기성 작물이므로 주지를 세워 오이 줄기를 유인해주어야 한다. 주지 세우는 방법은 A자 합장식이나 I자형 직립식으로 유인할 수 있는데 A자 합장식은 상단을 서로 의지하며 묶어주므로 상단을 서로 이어주는 막대로 묶어주면 바람에도 견딜 수 있는 튼튼한 시설이 된다. 그렇지만 I자형 직립식 유인은 열을 지여 묶어주고 다시 I자끼리 다시 묶어주는 노력이 필요하므로 다소 번거로울 수 있지만 공간 확보 면에서 통풍과 채광이 좋아서 좋은 오이를 수확할 수 있다.(그림1. 오이 유인방법)▷ 착과관리오이가 매달리는 특성을 보면 원줄기 가꾸기(흑침계 청장오이와 다다기오이)로 줄기를 유인하여 오이 마디에서 나오는 곁가지는 모두 제거하고 원줄기만 길러서 22~23마디까지 가꾼다. 그렇지만 첫 번째 수확할 오이는 6마디까지는 모두 제거하고 7마디부터 달리는 오이를 수확한다. 오이 식물체가 어렸을 때 착과를 시키면 생육이 무리가 가서 착과가 불량해질 수 있으므로 주의해야 한다.한편, 백침계 흑진주 오이와 삼척오이는 원가지에서 보다 곁가지에서 암꽃이 잘 달리므로 곁가지를 제거하지 않고 3~4마디 정도 길러서 암꽃을 매달아 오이를 수확해야 한다.(그림2. 오이가 매달리는 특성)▷ 피클오이 줄기관리피클오이는 생육 초기 늦서리 피해에 주의를 해야 하나 특별한 관리노력은 소요되지 않는다. 줄기를 정지할 필요가 없으며 다만 줄기가 사방으로 고루 퍼져 자라도록 유인만 할뿐이며 일반오이에서 실시하는 순지르기라든지 5~7마디 아래 암꽃 따주기, 적엽 등의 작업이 전혀 필요하지 않다. 물론 피클오이도 A자형이나 I자형 수직으로 오이 망을 설치하여 유인 재배할 수도 있다. 피클오이는 곁가지가 많이 나오는데 자가 노동력에 여유가 있을 경우에는 곁가지까지 유인하는 것이 좋으나 그렇지 않으면 곁가지는 땅에 포복하도록 방임하고 본줄기만 오이 망에 유인하도록 한다."
오이,수확하기,"▷ 일반오이 : 오이는 꽃이 핀 후 10일이면 과일 생장이 거의 완료되므로 10일 이내 수확하여야 한다. 10일 이상 수확하지 않고 두어도 외형적 생장은 하지 않고 윗마디에 착과된 어린과일의 영양을 빼앗으므로 어린 오이의 성장을 저해할 뿐이다. 그러므로 개화 후 10일 이내에 수확을 제때에 해 주어야 윗마디의 어린오이들이 생장을 하여 전체적인 수량이 높아진다. 물론 어린오이가 구부러진 오이는 성장하면서 곧바로 펴지지 않으므로 개화할 때 구부러진 오이는 어린 오이 때 오이를 따주는 것이 상품성이 좋은 오이를 많이 따는 비결이다.▷ 노각오이 : 생육후기에 오이의 수확이 완료될 무렵이 되면 오이 한 포기에 1개 과일은 수확을 하지 않고 개화 후 20일 이상 가꾸면 오이가 부피 생장을 하고 오이 겉 표면이 황갈색으로 변하면서 노각오이를 수확할 수 있다. 이 노각오이를 생육 초기에 수확한다면 다른 어린오이들이 생장을 못하여 수량이 크게 낮아지므로 유의해야 한다.(노각오이 사진)▷ 피클오이 : 마디마다 오이가 무수히 달리는데 개화 후 10일 이내 수확하여야 많은 오이를 수확할 수 있으므로 수확기를 늦추지 않도록 한다. 피클오이의 등급기준은 과실의 길이로 A등급(9cm이하), B등급(9～12cm), 그리고 등외 급인 C등급(12cm이상)으로 나눈다. 따라서 과실의 크기는 12cm 이내에서 수확을 하며, 수확을 할 때 5~6cm의 어린 과실까지 수확하여 한다. 수확간격에 따라 다르지만 1~2일 만에 과실이 비대하여 등 외급으로 떨어지는 것을 막기 위해서는 A등급의 작은 과실이라도 수확을 해야 한다. 수확 주기는 하루에서 3~4일 간격으로 할 수 있으나 간격이 길어지면 과실이 커져 등외 등급과실이 많이 발생하므로 수확간격을 거의 매일 수확하는 것이 상품수량을 높이는 길이다."
당근,밑거름,"① 파종 1~2주 전, 당근을 심을 밭에 1㎡당 완숙퇴비를 3kg 또는 원예용 복합비료 150g 넣는다. 산성토양의 경우  1㎡당 석회 100g을 넣어 산도조절을 한다.   ② 당근은 뿌리채소이기 때문에 밑거름을 부족하지 않게 주는 것이 좋다. 부숙이 덜 된 퇴비나 덩어리 진 화학비료를 사용하면 뿌리가 갈라지는 원인이 되기 때문에 반드시 완숙퇴비를 사용하거나 비료 덩어리를 잘게 부수어 넣는 것이 좋다."
당근,이랑만들기,"① 당근은 뿌리채소이기 때문에 퇴비와 비료가 골고루 섞이도록 하여 삽으로 깊이 뒤집는다.  ② 물빠짐이 좋도록 이랑의 높이는 약 10cm 정도 높이로 만든다. 이랑과 고랑을 합쳐 폭이 약 1m 정도, 파종할 부분이 60cm 정도로 조성하여 쇠갈퀴 등을 이용하여 파종할 면을 평평하게 만든다. 돌이나 거친 흙덩어리는 뿌리가 갈라지는 원인이 될 수 있으니 밖으로 골라낸다."
당근,씨앗준비,"① 당근은 색깔과 형태 등 다양한 품종이 있기 때문에 가까운 종묘상에서 마음에 드는 품종을 골라서 심는다. 인터넷을 이용하여 사전에 품종 정보를 조사하면 종자를 구입하는데 도움이 될 것이다. ② 일반적인 당근은 3치당근, 5치당근, 긴당근 등으로 구분되는데 우리나라에서는 5치당근이 가장 널리 재배되고 있다. ③ 텃밭 재배를 위해서는 5~20㎖ 소포장 종자를 구입하는 것이 좋다. 하지만, 당근의 발아율이 높지 않으므로 다른 씨앗보다는 넉넉하게 준비하는 것이 좋다. ④ 당근 종자는 상온에 오래 두면 발아가 잘 되지 않지만 냉장고에 보관하면 다음 작기까지는 파종할 수 있다."
당근,파종하기,"① 60cm 정도의 파종 면에 3줄로 뿌림골을 만들고, 1~2cm간격에 씨앗이 하나씩 들어가도록 줄뿌림을 한다. ② 파종 후 5mm 정도로 흙을 덮고, 종자의 발아를 돕기 위해 살짝 파종 표면을 두드리거나, 표면에 짚 등을 덮어 수분의 증발을 막고 건조하지 않도록 충분히 물을 준다.③ 발아를 결정하는 것은 물관리이다. 온도에 따라 발아기간이 다른데, 대개 물을 충분히 주면 5일(30℃)에서 10일(15℃) 정도면 싹이 난다."
당근,솎음작업,① 1차 솎아주기 : 파종 후 한달 쯤 지나면 본잎이 2~3매 정도로 자라는데 이 때 첫번째 솎아주기를 한다. 2~3cm 정도 간격으로 솎아주기를 하고 남은 당근에는 흙을 모아 어린 줄기가 쓰러지지 않도록 북주기를 한다. ② 2차 솎아주기 : 본잎이 5~6매 정도가 되면 두번째 솎아주기를 한다. 10cm이상 간격으로 솎아주고 남은 당근은 첫번째 솎아주기 때와 마찬가지로 흙을 모아 북주기를 한다.※ 솎아주기를 확실하게 해 주지 않으면(간격이 너무 좁으면) 당근을 튼튼하게 키울 수 없으므로 두번째 솎아주기를 확실하게 해 준다.
당근,잡초제거,▷ 잡초는 올라오는 대로 손으로 뽑아주면 좋다. 파종 후 20~30일 정도가 지나고 골 사이에 잡초가 올라오면 호미 등으로 긁어주는 정도로 제초를 하면 당근의 생육에는 크게 문제가 없다.
당근,수확하기,"① 파종 후 70~75일 정도가 지나면 당근 잎의 색이 연해지면서 아래로 늘어지기 시작한다. 이 때 수확하면 좀 작지만 연한 어린 당근을 수확할 수 있다. 이후에는 필요한 양 만큼 수시로 수확해 이용한다.② 파종 후 90~110이 지나면 나머지 당근을 모두 수확한다. 뿌리와 닿아있는 부분의 줄기가 벌어지면 수확 적기이다. ③ 보통 토양에서는 잎줄기의 아래 부분을 잡고 힘껏 당기면 잘 뽑히지만, 건조한 토양에서는 삽 등을 이용해서 뽑는다.  ④ 뿌리와 줄기는 분리하고, 줄기는 따로 밭에 쌓아두어 썩힌 후 비료로 사용하면 좋다."
땅콩,밑거름,"① 땅콩은 콩과작물이기 때문에 질소고정균인 뿌리혹박테리아가 공생하며 생육을 돕는다.    따라서 가능하면 유기물을 충분히 넣어주고 화학비료는 주지 않아도 좋다.② 파종 또는 정식 2~3주 전에 1㎡당 완숙퇴비를 1kg, 고토석회 200g을 넣고 흙을 잘 뒤집어 준다. ※ 석회가 부족하면 알맹이가 없는 빈 꼬투리가 많이 생기므로 석회를 넣어주는 것이 중요하다."
땅콩,이랑만들기,"① 땅콩은 땅 속에서 열매를 맺으므로 유기물을 많이 넣어 흙을 부드럽게 하고, 삽을 이용해 깊이 파 엎는다.  ② 물빠짐이 좋도록 이랑의 높이는 약 10cm 정도 높이로 만든다. 이랑의 폭은 60cm 정도로 조성하고, 잡초발생이 염려가 되면 비닐을 덮어 멀칭을 한다."
땅콩,땅콩 모종 심기,"1. 직접 모기르기(씨앗 준비)① 땅콩 종자는 종묘상에서 쉽게 구입할 수 있으며, 파종하기 전에 하루 정도 종자를 물에 담궈 불려 놓는다.② 불린 땅콩을 육묘트레이 1구멍 당 1개씩 심어 모를 기른다.2. 모종심기① 땅콩은 직접 씨앗을 심는 것도 가능하지만 최근에는 모종을 길러 정식을 하는 것이 일반적이다. ② 모종은 직접 기를 수도 있지만 봄철 대부분의 종묘상에서 땅콩 모종을 판매하기 때문에 건전한 모종을 구입해 정식하는 편이 훨씬 좋다.③ 땅콩은 땅 속에서 열매를 맺는 작물이기 때문에 물빠짐이 좋은 참흙이나 모래참흙이 좋고 진흙이 많은 땅은 피하는 것이 좋다.④ 일조량이 많은 곳이 좋기 때문에 해가 잘 드는 양지바른 곳이 좋다.⑤ 땅콩은 연작을 싫어하는 작물이므로 가능하면 연작을 피하고, 같은 자리에서는 2~3년이 지난 뒤에 다시 심는 것이 좋다. 다른 콩과작물과의 연작도 피하는 것이 좋다."
땅콩,이랑만들기,"① 땅콩은 땅 속에서 열매를 맺으므로 유기물을 많이 넣어 흙을 부드럽게 하고, 삽을 이용해 깊이 파 엎는다.  ② 물빠짐이 좋도록 이랑의 높이는 약 10cm 정도 높이로 만든다. 이랑의 폭은 60cm 정도로 조성하고, 잡초발생이 염려가 되면 비닐을 덮어 멀칭을 한다."
땅콩,밑거름,"① 땅콩은 콩과작물이기 때문에 질소고정균인 뿌리혹박테리아가 공생하며 생육을 돕는다. 따라서 가능하면 유기물을 충분히 넣어주고 화학비료는 주지 않아도 좋다.② 파종 또는 정식 2~3주 전에 1㎡당 완숙퇴비를 1kg, 고토석회 200g을 넣고 흙을 잘 뒤집어 준다. ※ 석회가 부족하면 알맹이가 없는 빈 꼬투리가 많이 생기므로 석회를 넣어주는 것이 중요하다."
땅콩,1차 밑거름,"① 땅콩은 콩과작물이기 때문에 질소고정균인 뿌리혹박테리아가 공생하며 생육을 돕는다. 따라서 가능하면 유기물을 충분히 넣어주고 화학비료는 주지 않아도 좋다.② 파종 또는 정식 2~3주 전에 1㎡당 완숙퇴비를 1kg, 고토석회 200g을 넣고 흙을 잘 뒤집어 준다. ※ 석회가 부족하면 알맹이가 없는 빈 꼬투리가 많이 생기므로 석회를 넣어주는 것이 중요하다."
땅콩,이랑 만들기,"1. 심을 장소 선정 ① 땅콩은 땅 속에서 열매를 맺는 작물이기 때문에 물빠짐이 좋은 참흙이나 모래참흙이 좋고 진흙이 많은 땅은 피하는 것이 좋다.② 일조량이 많은 곳이 좋기 때문에 해가 잘 드는 양지바른 곳이 좋다.③ 땅콩은 연작을 싫어하는 작물이므로 가능하면 연작을 피하고, 같은 자리에서는 2~3년이 지난 뒤에 다시 심는 것이 좋다. 다른 콩과작물과의 연작도 피하는 것이 좋다.2. 이랑만들기① 땅콩은 땅 속에서 열매를 맺으므로 유기물을 많이 넣어 흙을 부드럽게 하고, 삽을 이용해 깊이 파 엎는다.  ② 물빠짐이 좋도록 이랑의 높이는 약 10cm 정도 높이로 만든다. 이랑의 폭은 60cm 정도로 조성하고, 잡초발생이 염려가 되면 비닐을 덮어 멀칭을 한다."
땅콩,모기르기[솎아내기],"▷ 땅콩은 직접 씨앗을 심는 것도 가능하지만 최근에는 모종을 길러 정식을 하는 것이 일반적이다.▷ 모종은 직접 기를 수도 있지만 봄철 대부분의 종묘상에서 땅콩 모종을 판매하기 때문에 건전한 모종을 구입해 정식하는 편이 훨씬 좋다.※ 직접 모기르기(씨앗 준비)▷ 땅콩 종자는 종묘상에서 쉽게 구입할 수 있으며, 파종하기 전에 하루 정도 종자를 물에 담궈 불려 놓는다.▷ 불린 땅콩을 ？묘트레이 1구멍 당 1개씩 심어 모를 기른다."
땅콩,모종심기,"▷ 모종을 너무 가까이 심으면 포기가 웃자라 땅 속에서 열매를 잘 맺지 않으므로, 모종 간의 간격을 약 30cm 정도로 심는다.▷ 모종은 본잎이 3~4매 정도 나왔을 때 밭에 심는다. 정식을 할 때는 한 곳에 2포기 정도씩 심는다.▷ 봄철 날씨와 토양이 건조한 경우에는 정식 후 물을 충분히 준다. ※ 본밭에 직접 파종하는 경우는 한 곳에 씨앗을 2~3개 정도씩 심고, 복토는 2cm 정도로 한다."
땅콩,기르기,"1. 북주기씨방자루가 땅 속에 박히지 않으면 열매를 맺지 못하므로, 씨방자루가 지면을 향해 뻗어 내려가는 시기가 되면 포기 주변의 흙을 긁어 북주기를 한다.2. 잡초제거 잡초는 올라오는 대로 손으로 뽑아주면 좋다. 잡초를 제거하면서 땅에 박힌 씨방자루를 뽑게 되면 열매를 맺지 못하므로 조심해야 한다. 일반적으로 잡초발생을 억제하기 위해 검정비닐로 멀칭을 하기도 하지만 북주기가 끝난 뒤 짚이나 풀을 깔아주면 잡초발생을 어느 정도 억제할 수 있다."
땅콩,수확,"- 9월 말이나 10월이 되면 줄기의 잎이 노랗게 변색이 되는데 이 시기가 수확 적기이다.- 날씨가 좋은 날을 잡아 수확을 하고, 뽑은 채로 그늘에서 1주일 정도 말린 후 줄기에서 꼬투리를 떼어낸다. - 꼬투리가 완전히 여물지 않은 것은 꼬투리째 소금물에 삶아서 먹으면 고소하고 맛이있다."
땅콩,보관,#NAME?
바질,1차 밑거름,"① 바질은 특별히 거름을 많이 필요로 하거나 토양 산도에 민감한 작물은 아니다. ② 모종 정식 1~2주 전에 유기질 비료(완숙퇴비)를 1㎡당 1~2kg, 석회 60~70g을 넣고 흙과 잘 섞어 준다."
바질,이랑 만들기,"① 바질은 따뜻한 온도를 좋아하기 때문에 햇볕이 잘 들고 통풍이 잘 되는 곳에서 재배한다.② 유기질 비료를 이랑 넓이보다 넓게 뿌리고 흙과 잘 섞이도록 뒤집어 평탄하게 한다.  ③ 이랑의 높이는 약 10cm, 폭은 100cm 내외로 조성한다."
바질,씨뿌리기,"1. 씨앗 준비▷ 요즘 텃밭이 일반화 하면서 각종 허브 종자를 종묘상에서 쉽게 구입할 수 있게 되었다. 인터넷을 통해서도 많은 종류의 허브 종자를 구입할 수 있는데, 바질 역시 인터넷 구입도 가능하다.2. 파종 ① 종묘회사에서 판매하는 종자는 밭에 직접 파종을 해도 발아에는 문제가 없으므로 바로 사용해도 좋다. 다만 구매하는 종자의 경우 화학농약으로 소독을 하기 때문에 농약이 걱정이 된다면 물로 종자 표면을 씻어내고 파종하면 좋다.  ② 파종은 줄뿌림(조파)과 점파 모두 가능하며, 광발아성이 있으므로 가능한 한 얕게 뿌려주는 것이 좋다. 파종 후에는 부드러운 흙으로 종자가 드러나지 않도록 가볍게 덮어준다. ③ 폭 100cm 정도 넓이의 이랑이라면 3줄 정도로 심고, 씨앗의 간격은 약 1-2cm정도로 한다. 점파의 경우는 씨앗의 간격을 20~30cm 정도로 한 구멍당 2~5립 정도 심는다."
바질,모종심기,"▷ 바질은 모종을 정식하기도 하는데, 허브류의 모종을 판매하는 종묘상이라면 대부분 바질 모종을 판매하므로 가지가 왕성한 건강한 모종을 구입해 정식한다.▷ 모종의 주간 간격은 약 30cm정도로 정식을 한다.▷ 보수성이 좋은 토양을 좋아하지만 물기가 많으면 좋지 않으므로 땅이 말라있을 때 물을 충분히 주는 정도로 물주기를 한다."
바질,순따기[순지르기],▷ 정식 후에 생장점이 자라는 새순을 계속해서 따 주면 가지의 수가 증가해 포기가 무성하게 자란다.▷ 순따기를 하지 않으면 계속해서 위로만 자라고 곁가지가 나오지 않아 이용할 수 있는 잎이 적어지게 된다.
바질,수확,"▷ 바질은 주로 어린 잎을 이용한다. 포기가 30~40cm 정도로 자라면 언제든지 수확이 가능하다. ▷ 꽃대가 나오면 포기의 세력이 약해지므로, 꽃대가 나오면 잘라준다. ▷ 잎이 너무 늙으면 향기는 매우 강해지지만, 질기거나 거칠어져 음식에 이용하기에 좋지 않다.▷ 늙은 잎은 말려서 가루로 만들어 보관하면 언제든지 바질의 향을 즐길 수 있다.▷ 바질은 신선한 상태로 요리에 이용하는데 향을 유지하기 위해서는 가장 마지막 단게에 넣는다."
완두,1차 밑거름,"① 연작을 아주 싫어하는 성질이 있으므로 한번 완두를 심은 밭에서는 3~5년 동안은 재배를 피하는 것이 좋다. ② 완두는 비교적 알칼리성에 가까운 토양을 좋아하기 때문에 산성토양의 경우는 반드시 석회를 넣어주고 잘 갈아 엎어 밭을 준비한다.③ 밑거름을 많이 넣게 되면 줄기가 웃자라고, 열매가 잘 열리지 않는 경우도 발생할 수 있으므로 비료는 가능한 한 많이 넣지 않도록 주의한다.④ 파종 1~2주 전에 1㎡당 완숙퇴비를 1kg, 고토석회 150g을 넣고 흙을 잘 뒤집어 준다."
완두,이랑 만들기,"① 퇴비 등 유기물을 넣어 흙을 부드럽게 하고, 삽을 이용해 30~40cm 정도로 깊이 갈아 엎는다.  ② 물빠짐이 좋도록 이랑의 높이는 약 10cm 정도 높이로 만든다. 한줄 심기의 경우는 이랑의 폭을 50cm 정도로, 두줄 심기의 경우는 이랑 폭을 100~120cm 정도로 조성한다."
완두,씨뿌리기,"1. 씨뿌리기(파종)▷ 완두는 콩 알맹이를 먹는 것과 어린 꼬투리를 먹는 것, 알맹이가 찬 꼬투리를 먹는 품종 등 다양하기 때문에 기르고자 하는 품종의 종자를 종묘상에서 구입해 이용하는 것이 안전하다. ▷ 한줄심기의 경우는 포기 사이를 30cm 정도 간격으로 하여 심는다. 음료수 캔이나 병 등으로 이랑 표면을 눌러 1~1.5cm의 구멍을 만들고, 한 구멍 당 3~5립의 종자를 점파한 다음 얇게 흙을 덮고 가볍게 표면을 두들겨 둔다.▷ 노지에 종자를 파종하면, 싹이 날 때까지 비둘기 등의 조류 피해를 입을 수 있으므로 파종한 자리를 플라스틱 컨테이너 등으로 덮어두면 좋다. ※ 모종으로 심기▷ 요즘에는 이른 봄이 되면 종묘상에서 완두의 모종을 판매하는 모습을 쉽게 볼 수 있다. 건강하게 자란 모종을 구입해 정식을 하는 것도 좋은 방법이다."
완두,지주세우기[유인하기],"▷ 완두의 초장은 약 80cm 정도로 자라며, 잎의 끝에 덩굴손이 무엇인가를 잡아 감아올리며 위로 자란다. 따라서 지주를 세워주지 않으면 줄기가 옆으로 쓰러져 땅바닥으로 깔려 콩이 정상적으로 열리지 않는다.▷ 싹이 나고 줄기가 자라기 시작하면 포기 옆으로 지주대를 세워준다. 농자재상에서 판매하는 지주를 구입해 사용하면 다른 작물의 재배에도 사용할 수 있어 좋지만, 나뭇가지나 굵기가 얇은 대나무 막대기를 사용해도 상관 없다.▷ 지주대에 적당한 높이로 2~3단의 비늘끈을 서로 엮어 매면 덩굴이 쓰러지지 않고 자랄 수 있다. 요즘에는 지주대에 구멍 간격이 넓은 망을 걸쳐 줄기를 유인하는 방법이 많이 이용되고 있으며, 망으로 유인한 경우 열매 맺음도 좋아진다는 연구결과도 나오고 있다."
완두,수확,"▷ 꽃이 피고 30일 정도가 지나면 수확을 할 수 있는데, 꼬투리의 색깔이 녹색에서 옅은 노란색으로 변하면서 살짝 말라갈 때 조금씩 수확해서 이용한다.▷ 꼬투리를 식용으로 이용하는 경우에는 알맹이가 너무 굵어지기 전, 연녹색의 꼬투리에 수분이 많을 때 수확해서 이용한다."
완두,보관,"▷ 수확한 완두콩은 말려서 보관을 하기도 하지만, 풋콩을 까서 비닐봉지나 플라스틱 통에 담아 냉동실에 보관하면 일년 연중 신선함을 유지하며 이용할 수 있다.▷ 연한 꼬투리를 두고두고 이용하고자 할 때에는 소금물에 살짝 데쳐 물기를 제거하고 냉동실에 보관하면 좋다."
쥬키니,인공수분,"▷ 쥬키니는 암꽃과 수꽃이 따로 피는데, 꿀벌의 활동이 적은 봄에는 수꽃으로 인공수분을 해 열매가 맺는 것을 도울 수 있다.▷ 꽃이 피어도 수정이 되지 않으면 열매가 달리다가 노랗게 말라 줄기에서 떨어져 버린다. 처음에는 이러한 쪽정이 열매가 열리기도 하지만 인공수분을 하거나 벌이 날아와 수정을 하게 되면 정상적으로 열매를 맺는다."
쥬키니,수확,"▷ 쥬키니는 첫 열매를 따주어야 다음 열매가 잘 자라므로 늦지 않게 따 주는 것이 좋다. 특히 쥬키니는 애호박용으로 조금이라도 수확시기가 늦어져 늙어버리게 되면 맛이 떨어지므로 제 때에 수확할 수 있도록 한다. ▷ 기온이 올라가면, 꽃이 핀 후 일주일 정도가 지나면 열매가 20cm 전후로 자라는데 이 때 수확하는 것이 가장 적기이다. ▷ 쥬키니는 본 줄기가 잘 자라지 않기 때문에 수확할 때에는 생장점이 있는 줄기가 부러지지 않도록 조심한다."
쥬키니,1차 밑거름,"① 호박은 두엄자리에서도 잘 자란다는 말이 있을 정도로 많은 비료성분을 필요로 하는 작물이다.② 모종 정식 1~2주 전에 유기질 비료(퇴비)를 충분히 넣고 밭을 준비한다.③ 밑거름에 질소질이 많으면 줄기가 웃자라고, 열매가 잘 열리지 않는 경우도 발생할 수 있으므로 질소질 비료(화학비료)는 가능한 한 사용하지 않는 것이 좋다.④ 1㎡당 완숙퇴비를 5kg, 석회 150g을 넣고 흙과 잘 섞어 준다."
쥬키니,이랑 만들기,"① 퇴비 등 유기질 비료를 이랑 넓이보다 넓게 뿌리고 흙과 잘 섞이도록 뒤집어 평탄하게 한다.  ② 이랑의 높이는 약 10cm, 폭은 60cm 정도로 조성한다. ③ 잡초 발생을 억제하고 지온을 높게 유지하기 위해 비닐 멀칭을 하는 것이 좋다.  ※ 보통 조선 애호박은 지주대를 세우지 않고 덩굴이 바닥에 깔리게 재배하는 것이 일반적이므로 이랑의 높이는 10~15cm, 폭은 2m정도로 조성한다."
쥬키니,씨뿌리기,"1. 모종 만들기▷ 24구 육묘트레이(모판)에 육묘용 상토를 채우고 구멍 가운데를 손가락으로 살짝 눌러 들어가게 한 뒤 한 구멍당 종자 한개씩을 넣고 흙을 덮는다. 종자를 심은 뒤에는 마르지 않도록 물을 충분히 준다.  ▷ 파종을 한 후 3주 정도가 지나고, 본 잎이 1~2장 정도 자라면 모종용 포트에 옮겨 심는다. 포트에서는 본잎이 4~5장이 될 때까지 기른다."
쥬키니,모종심기,"▷ 포트에서 기른 모종의 본잎이 4~5장 정도로 자라면 정식을 한다.▷ 요즘에는 이른 봄이 되면 종묘상에서 호박(쥬키니)의 모종을 쉽게 구입할 수 있다. 건강하게 자란 모종을 구입해 정식을 하는 것도 좋은 방법이다.▷ 모종의 주간 간격은 약 60cm정도로 정식을 한다.▷ 정식한 후에는 밭이 마르지 않도록 1주일 간격으로 물을 충분히 준다. ※ 종자로 직접 심기▷ 지온이 20℃ 정도 올라가면 밭에 직접 종자를 파종해도 된다. 한 구멍 당 2~3립의 종자를 파종하고 본 잎이 3~4장 정도로 자라면 가장 건강한 모종을 남기고 나머지는 뽑아버린다. ▷ 이 경우 밤 기온이 10℃ 이하로 떨어지면 어린 모종이 냉해를 입을 수 있으므로, 파종한 자리에 철사나 가는 나무 등을 피라미드 모양으로 땅에 꽂아 비닐로 덮어 모종이 어느 정도 자랄 때까지 찬 공기에 직접 닿지 않도록 한다."
쥬키니,지주세우기[유인하기],"▷ 쥬키니는 덩굴이 자라는 호박이 아니므로 유인을 할 필요는 없지만, 포기 전체가 비교적 왕성하게 자라기 때문에 바람에 쓰러지기 쉬워 약간 굵은 지주를 세워 지지해 주는 것이 좋다.▷ 180 정도 길이의 지주를 각 포기 옆에 수직으로 꽂아 쥬키니 포기를 지지해 준다"
가지,거름주기(3.3㎡ 기준),"■ 밑거름 : 퇴비 5kg, 고토석회 670g (밭갈기 2∼3주 전) 요소 94g, 용성인비 210g, 염화가리 44g (이랑만들 때)■ 웃거름 : 재배기간 중 요소 30g, 염화가리 18g씩 4회 - 이랑만들기(아주심기 5∼7일 전)"
가지,이랑 만들기,"■ 이랑 너비 : 1줄재배 80~90cm, 2줄재배 150cm■ 멀칭비닐 씌우기  - 흑색 등 멀칭비닐을 씌워 밭 토양의 온도를 유지하고 잡초가 생기는 것을 막는다."
가지,씨뿌리기,"ㆍ 씨 뿌리는 방법 : 육묘ㆍ 필요한 씨의 양 : 40ml/10aㆍ 싹트는 온도 : 28∼30℃ㆍ 싹트는 기간 : 6~7일ㆍ 가지 종자는 싹이 트는데 비교적 많은 시간이 소요되므로, 소독된 종자를 미리 싹을 틔워 파종하는 것이 좋으며 30℃정도의 따뜻한 곳에 습한 상태로 두면 어린 싹이 보인다. 플러그 트레이, 비닐 포트, 플라스틱 상자 등에 원예용 상토를 80∼90% 정도 채운 뒤 싹이 튼 씨를 뿌리고 종자가 보이지 않을 정도로 상토를 덮어준 후 물을 충분히 주고 신문지로 덮어주면 6~7일 후 발아하기 시작한다."
가지,모 기르기(육묘),"ㆍ 모 기르는 기간 : 70∼80일ㆍ 모 기르는 온도 : 낮 26∼30℃, 밤 18∼20℃ㆍ 가지묘를 키우기 위해서는 약 2~3달 정도의 기간이 소요되므로 경험과 세심 한 관리를 필요로 한다. 모 기르기가 여의치 않을 경우에는 가까운 꽃가게에 서 묘를 구입하여 이용할 수 있다."
가지,아주심기(정식),"모종삽으로 비닐에 구멍을 뚫어 모종 심을 구덩이를 판 다음, 물을 미리 주고 가지 모종을 심는다. 모종에 붙어있는 상토는 최대한 떨어지지 않게 하고, 심을때 너무 깊게 심겨지지 않도록 모종의 흙이 약간 보일 정도로 흙을 덮고 다시 물을 충분히 준다."
가지,텃밭에서 키우기,"ㆍ 재배 온도 : 낮 25∼28℃, 밤 15∼17℃ㆍ 물 주기 : 보통 (4∼5일 간격)ㆍ 비료 요구도 : 큼(다비성 작물)ㆍ 지주대 세우기 : 가지 모종을 심은 다음 150㎝ 정도의 대나무, 각목, 플라스틱 등을 이용한 막대를 세우고 부드러운 비닐끈으로 가지 줄기를 묶어 준다. 가지는 햇빛을 좋아하는 작물이기 때문에 가지를 넓게 벌려 햇빛을 잘 받도록 해준다.ㆍ 잎 따기 : 가지는 기르면서 아랫잎을 따줘 바람이 잘 통하게 해 줘야 병에 걸리지 않고 튼실한 가지를 생산할 수 있다. 또한 생리장해를 입은 잎이나 병든 잎, 그리고 늙은 잎은 일찍 따 주도록 한다.ㆍ 물 관리 : 비가 내리지 않을 때는 보통 4~5일 간격으로 물을 준다. 비가 자주 내릴 때는 물이 잘 빠지도록 배수로를 깊게 만든다. 토양에 물이 너무 많으면 가지의 뿌리가 썩고 병 발생도 많아진다."
가지,수확,ㆍ 수확 방법 : 과실 수ㆍ 수확은 품종 및 온도에 따라 차이가 있지만 보통 개화 후 10~20일 경에 수확한다. 너무 익으면 쓴맛이 생기고 품질이 떨어지므로 주의해야 한다.
부추,거름주기(면적 3.3㎡당),"·밑거름 : 퇴비 13kg, 석회 330g (아주심기 10일 전)요소 174g, 용과린 400g, 염화가리 111g"
부추,이랑만들기 (아주심기 5∼7일 전),- 4줄 재배(물빠짐이 안좋은 경우) : 이랑 너비 80cm- 5줄 재배(물빠짐이 좋은 경우) : 이랑 너비 100cm
부추,씨뿌리기,"ㆍ 씨 뿌리는 방법 : 육묘ㆍ 필요한 씨의 양 : 5∼6mL/3.3㎡ㆍ 씨 뿌리는 깊이 : 5∼10mmㆍ 싹트는 온도 : 20℃ 전후ㆍ 싹트는 기간 : 10∼15일 부추 종자는 수명이 짧으므로 가능하면 전년도에 생산된 종자를 쓰는 것이 좋으며, 10a 당 1.5∼ 2L 정도 준비한다. 간이 모판에 줄뿌림 하거나 128공 플러그 트레이에 4∼5립씩 뿌려준다."
부추,모 기르기,ㆍ 모 기르는 기간 : 70∼80일ㆍ 모 기르는 온도 : 18∼20℃
부추,아주심기,ㆍ 심는 간격 : 15∼20 cm
부추,텃밭에서 키우기,"ㆍ 재배 온도 : 18∼22℃ㆍ 물 주기 : 보통 (일주일 간격)ㆍ 비료 요구도 : 높음 생육기간이 길며 다비성 작물이므로 생육 중 비료가 부족하지 않게 완효성 퇴비를 많이 주어야 한 다. 특히 부추는 4∼5년간 같은 밭에서 재배가 가능하다는 것을 기억해 두어야 한다. 8월이 되면 부추의 꽃이 핀다. 부추는 모든 포기가 일제히 꽃이 피는 것이 아니라 1회 따준 뒤 늦게 나온 포기도 많이 있으므로, 1회 따낸 뒤 7∼10일 간격으로 꽃대를 따준다. 꽃대를 따주지 않고 그 대로 방치해 두면 개화, 결실 때문에 세력을 빼앗겨 세력을 떨어뜨리게 되므로, 가능한 빨리 따주는 것이 좋다. 날씨가 추워지는 11월 상순경부터 지상부의 잎은 말라 시들고 휴면기에 들어가게 된다. 이때에 토 양이 얼기 전 충분하게 관수하여, 근경이 안전하게 월동하여 이듬해 싹이 빨리 트도록 한다."
부추,수확,"ㆍ수확 방법 : 포기 수확ㆍ부추 전체 잎길이의 80% 정도가 23∼25cm 정도가 되면 수확을 한다. 수확할 때마다 물과 비료를 충분히 주어야 한다. 부추를 자르는 높이는 첫 수확시 3∼4cm, 그 후에는 절단부위에서 1∼1.5cm정도 위에서 수확한다. 수확시 너무 깊이 베면 뒤의 생육이 늦어지므로 유의한다."
호박,밭 만들기,"① 호박은 뿌리가 넓게 퍼지므로 토심이 깊고 비옥한 토양이 좋으며, 정식 2주일전에 고토석회 12g/㎡와 퇴비 2∼3kg/㎡을 주고 밭을 갈고, 복합비료 80g/㎡을 뿌려준다.② 호박의 본엽이 5∼6매가 되면 밭에 심는다. 이랑나비는 3.5∼4m로 포기 사이를 60∼90cm 심거나, 이랑나비 2m 포기사이 2m로 심는다.③ 정식은 5월 상순경 바람이 없고 따뜻한 날에 묘 뿌리가 끊이지 않도록 조심하고, 가능한 얕게 심어야 뿌리의 활착이 빠르다."
호박,씨뿌리기,"ㆍ작은 포트에 육묘하여 노지에 심어준다. (발아온도 25∼30℃, 4∼5일 발아)ㆍ발아 후 낮에는 22∼24℃ 밤에는 15∼18℃로 유지한다."
호박,호박터널 만들기,"ㆍ 파이프나 나무막대기를 이용해 터널 골격을 만들고 10cm 간격의 그물을 쳐서 덩굴을 유인한다.ㆍ 멋진 터널을 만들기 위해서는 재배토양 준비가 중요하며 사방 0.5∼1m정도의 토양을 확보한다.ㆍ 호박을 심기 전에 충분히 관수하고 간격을 40∼50cm 간격으로 정식한다.ㆍ 뿌리에서 10마디 이하의 곁가지 및 과일은 제거하고, 정식 30일 이후에는 웃거름을 액체상태로 2∼3회 준다."
호박,줄기유인,덩굴성 호박은 순지르기를 하고 줄기를 유인하여야 통풍 및 일광을 충분히 받고 병충해 예방이 된다. <b>페포(Pepo) 계통</b>   곁가지가 자라지 않아 적심할 필요가 없다.<b>막시마(Maxima) 계통</b>   덩굴의 14∼18마디에 암꽃이 착생한 후 4마디에 2번째 암꽃이 달린다.   어미 덩굴과 2∼3개의 아들덩굴을 기르거나 어미덩굴을 정식하기 전에 순지르기 하여 아들덩굴 3∼4개를 키운다.<b>모샤타(Moschata) 계통</b> 암꽃이 10마디 내외에서 착생하며 그 후 3∼4마디마다 암꽃이 달린다. 5∼6마디에서 순지르기를 하여 좋은 덩굴 2줄만 키우고 나머지는 제거하는 것이 좋다.
호박,열매 착과하기,ㆍ 호박은 한 그루에 암꽃과 수꽃이 따로 피기 때문에 인공수분하여 열매를 착과시키는 것이 좋다.ㆍ 인공수분은 수꽃을 따서 꽃잎을 제거한 후 암꽃의 주두 부위에 꽃가루가 골고루 묻도록 발라준다.
호박,수확,"수확 시기는 품종, 기후 및 소비자의 기호에 따라 차이가 있으나 일반적으로 청과용으로 이용되는 쥬키니, 애호박, 풋호박은 착과 후 7~10일이면 수확이 가능하다. 숙과용 호박은 개화 후 35~50일 경과 후 황갈색, 황색이 된 것을 수확한다. 저장할 호박은 받침대, 그물망 등을 이용하여 호박이 서로 닿거나 겹쳐지지 않도록 하고 통풍이 잘 되도록 한다. 저장 온도는 10∼13℃, 습도는 70∼80%정도로 유지해 주는 것이 좋다."
근대,밭 만들기,"ㆍ폭 1~1.2m정도의 이랑으로 준비한다. (토심 깊고, 물빠짐이 좋은 토양)ㆍ파종 20일전에 10㎡당 퇴비 10kg, 고토석회 1~1.5Kg을 주고 밭을 간다.ㆍ파종 1주일전에 10㎡ 당 질소 140g, 인산 80g, 칼리 100g의 비료를 뿌려준다."
근대,수확,"ㆍ잎크기가 25~30cm 정도 자라면 수확한다.ㆍ여름에는 5~7일 간격, 겨울에는 7~10일 간격으로 수확이 가능하다."
근대,파종,"ㆍ근대 씨앗은 하나로 보이지만 사실 3~4개의 씨가 모여 잇는 것으로 씨앗을 심었을 때 한 알의 씨앗에서 3~4개의 싹이 자란다.ㆍ본잎이 1.5~2매일 때 5cm 간격으로 솎아주고 최종 간격이 될 때까지 2~3 차례 솎아준다. ㆍ국거리용은 줄 간격 30cm로, 쌈용은 줄 간격 15cm로 씨앗을 줄뿌림 한다.ㆍ발아까지는 6~7일 걸리고 건조하지 않게 물을 준다. 싹이 튼 후 2~3회 풀을 제거해 주면서 솎아준다."
근대,물·비료 주기,"ㆍ근대가 본엽 3~4매로 10cm 정도로 자라면 솎아 내기를 하여 포기나비 12~13cm가 되도록 한다.ㆍ물관리는 약간 습한 것이 좋으며, 한번에 충분히 관수해주고 웃거름으로 질소질 비료를 준다.ㆍ근대가 본엽 3~4매로 10cm 정도로 자라면 솎아 내기를 하여 포기나비 12~13cm가 되도록 한다"
엔다이브,씨뿌리기,"ㆍ씨 뿌리는 방법 : 육묘, 직파 모두 가능 ㆍ모 기르는 기간 : 30일 ㆍ모 기르는 온도 : 20~25℃ㆍ씨앗을 직접 파종할 경우에 파종 깊이는 0.6~1.2cm 정도가 적당하다. 육묘할 경우에는 플러그 육묘를 이용하는 것이 편리하다. 128, 162, 200공 플러그 트레이에 파종하여 본잎이 3~5매가 되었을 때 본밭에 옮겨 심는데 본 밭의 상황에 따라서 정식 시기는 조절이 가능하다. 너무 늦어지게 되면 좁은 공간에서 묘가 자라기 때문에 도장하여 병해충에 감염이 잘될 수가 있고, 뿌리 내림이 지연되어 초기 생육도 억제가 된다. 종자 소요량은 10a당 40~50ml 내외이며 20ml당 종자 입수는 약 8,000립이다."
엔다이브,모 기르기,"육묘 기간은 플러그 육묘할 경우 봄, 가을은 25~30일, 여름철은 25일, 겨울철은 30~35일 가량 소요된다. 묘상 설치는 일사량이 많고 배수가 잘되는 곳, 관리가 편리하고 과수 및 전원 등의 설치가 쉬운 곳, 병해충의 발생이 적은 곳이 좋다. 시설의 방향, 피복 자재 등을 고려하여 채광을 좋게 하고, 충분한 환기가 되도록 설치한다."
엔다이브,아주심기,"ㆍ심는 간격 : 20 × 20㎝, 30 × 20㎝(포기 수확시) ㆍ엔디브를 심을 본 밭은 정식 10일 전에 밑거름을 넣고 경운 정지하여 이랑을 만들어 준다. 심는 간격은 쌈용의 경우 20 × 20㎝, 샐러드용은 30 × 20㎝로 한다. 직파를 할 경우에는 같은 정식 간격으로 종자를 2~3립 파종해서 나중에 싹이 올라오면 모양이 기형인 것 또는 벌레 먹은 것 등은 솎아주고 건전한 개체를 하나만 남긴다."
엔다이브,텃밭에서 키우기,"ㆍ재배 온도 : 15~20℃ㆍ물주기 : 수분요구도가 상추와 유사, 생육 최성기 150~180L/m2 ㆍ엔다이브는 상추를 가꿀 수 있는 조건이면 어디서나 재배가 가능한 호냉성 채소로 스위스에서는 해발 2,000m에서도 재배한다. 온도 요구도는 상추보다 낮아 겨울재배도 가능하나 서리에는 아주 민감하다. 광요구도는 상추보다 많아 햇볕조건이 좋으면 겨울철에도 생육이 좋다. 장일성 이므로 초여름에 파종하면 빨리 꽃대가 올라오는 특징이 있다. 수분 요구도는 매우 높아 거의 샐러리와 유사한데 생육이 왕성한 시기에 많이 필요로 한다."
엔다이브,수확,쌈용은 정식 후 2~3주 후부터 수확이 가능하며 포기상태로 수확할 경우 파종 후 50일이면 가능하다. 연백부가 필요할 경우에는 수확 1~2주일 전에 모든 잎을 싸 올려 잎 부분을 묶어주면 내부가 연노랑으로 연화된 엔다이브를 수확할 수 있다. 이렇게 하면 엔다이브 특유의 쌉쌀한 맛을 완화시켜주고 시각적으로도 더 먹음직스럽다.
엔다이브,밭 만들기,"ㆍ엔다이브를 심을 본밭은 정식 10일 전에 10a당 퇴비 1,500kg, 질소 8.4kg, 인산 3kg, 칼리 4.5kg, 석회 200kg의 밑거름을 넣고 경운 정지하여 이랑을 만들어 둔다."
엔다이브,이랑만들기,"- 이랑 폭은 120cm, 주간거리는 20 x 20cm, 샐러드용은 30 x 20cm로 한다. 잡초발생을 억제할 목적으로 유색 비닐을 멀칭하면 좋다."
옥수수,수확,"단옥수수는 이삭이 보인 후에 약 20～25일경에 가장 단맛이 많아져서 그 이후에는 급격히 감소하므로 수확시기를 결정하는 일은 옥수수 재배에서 가장 중요한 일 중의 하나이다. 수확적기를 판단하는 하나의 방법으로 가끔 속을 까 보면 알 속에 풀이나 치즈와 같이 된 내용물이 많고, 품종고유의 색을 띄고 있으면 수확기가 된 것이다. 만일 내용물이 아직도 젖 상태이면 아직 이르고, 완전히 굳어져 있으면 과숙된 경우이다. 하루 중에는 아침에 수확하는 것이 좋고 냉장보관하면 며칠간은 맛의 변화가 없다. 수확할 때는 먼저 맺힌 것과 나중에 맺힌 열매로 구별할 수 있는데 2～3회 나누어서 며칠 간격으로 수확하면 되겠다. 수확시기를 놓친 열매는 수확하여 건조한 후에 차를 만들어 먹을 수 있다."
옥수수,가꾸기,싹이 나서 길이가 한 뼘만 해지면 잘 자란 것 한두개만 남기고 나머지는 솎아주기를 한다.<b>물주기</b> : 옥수수는 건조한 곳에서도 잘 자라나 너무 건조하면 비료의 흡수도 불량하게 되어 생육이 부진하고 잎이 연녹색으로 된다. 따라서 흙이 언제나 촉촉하다는 기분이 들 정도로 수분이 유지되면 좋겠다.
옥수수,밭 만들기,옥수수는 거름을 많이 먹는 작물 중에 하나이기 때문에 콩과 혼작하면 좋다. 울타리도 만들겸 콩밭 주변으로 빙 둘러 심으면 보기도 좋고 힘들여 거름을 만들어주지 않아도 되므로 텃밭 가꾸기에서 땅의 효율을 높이는 매우 긴요한 재배 방법이다.
옥수수,씨뿌리기,"텃밭에는 직파재배와 육묘재배가 있으며 파종시기에 따라 봄 재배, 가을재배로 나눌 수 있다. 텃밭에서 직파하는 경우에는 약 25cm간격으로 두 알씩 넣고 종자가 보이지 않게 넣어둔다. 너무 이른 봄에 파종하면 올라와서 늦서리에 피해가 있을 수 있음으로 4월하순경이 좋겠다. 한꺼번에 심으면 일시에 수확되어 처치 곤란하기 때문에 가급적 1주일 혹인 2주일간격으로 몇 회 나누어 심으면 오래 동안 간식으로 이용할 수 있다. 모종 상에서 육묘할 경우에는 본밭에 심기 약 한달 전에 파종하여 따뜻한 곳에서 관리하면 1개월 이상 빨리 수확할 수 있는 장점이 있다. 가까운 모종 상에서 구입하여 심을 수도 있다.가을재배인 경우는 늦서리의 피해가 없도록 10월 중순 이전에 수확할 수 있어야 하고 그러기 위해서는 7월 상순 또는 중순경에 파종하여야 하며 이때 장마철에 과습하여 병들지 않게 배수관리를 잘해야 한다."
옥수수,재배기술,옥수수의 파종은 보통 70cm 이랑 폭에 25cm 간격으로 2알씩 심는데 이후 키가 15cm 정도 자라면 1포기만 남기고 솎아주어 튼튼하게 한다. 약 50cm 정도 자라면 눈대중으로 잎이 약간 연노란색이 되면 비료가 부족한 증상인데 이때 원예용 복합비료(18-18-19)를 약간 (1～2cm 간격에 작은 알갱이 1개정도) 흩어 뿌린다. 비료분이 적으면 키가 적어지고 잎이 노란색이 되어 열매가 적고 수량이 감소하는 반면 비료기운이 많으면 잎이 검어지고 키가 너무 크며 역시 열매의 맺힘이 부실해지고 병이 많아져서 수확할 것이 없는 경우가 발생할 수 있어 경험적으로 적절한 비료관리가 필요하다.
옥수수,물주기,옥수수는 건조한 곳에서도 잘 자라나 너무 건조하면 비료의 흡수도 불량하게 되어 생육이 부진하고 잎이 연녹색으로 된다. 따라서 흙이 언제나 촉촉하다는 기분이 들 정도로 수분이 유지되면 좋겠다.
블루베리,묘목 심는 법,"열간 2.5m, 나무사이 1.2~1.5m를 두고 구덩이를 판다. 심을 구덩이는 직경 60cm, 깊이 40cm 로 판 다음 파낸 흙과 피트모스, 유기질 비료 등을 고루 섞고 매몰한다. 그다음 직경 30cm, 깊이 10~20cm의 심을 자리를 다시 파고 묘목을 심는다. 묘목은 근관 부위가 약 2cm 땅속으로 들어가도록 심는다. 심은 후에는 충분한 물을 준다."
블루베리,품종 섞어 심기,블루베리는 타가수분을 하면 결실이 잘되고 과실 품질이 좋아지므로 한 품종만 심지 않고 2~3 품종 이상을 섞어서 심는 것이 좋다.
양배추,파종,"봄/가을 작기에 따라 적합한 시판종자를 구입하여, 밭흙과 거름을 1:1로 섞어 채운 육묘상자에 3cm 간격으로, 2립씩 파종한 뒤 물을 듬뿍 준다."
양배추,육묘,"봄재배의 경우 파종 후 온도 관리에 신경을 쓴다. 특히 야간의 경우 보온 대책을 마련하고, 낮에는 햇볕이 잘 드는 곳에 두고, 물이 마르지 않도록 관리한다. 약하게 자라난 묘는 솎아내기 해준다."
양배추,정식,"묘가 5cm 정도 자랐을 때, 밭으로 옮겨 심는다. 이때 묘의 뿌리에 붙은 흙은 최대한 살려 옮긴다. 이랑사이는 75cm, 포기사이는 45cm가 적당하다. 정식 후 충분히 물주기 한다."
양배추,재배,"정식 후 수확기 까지 주기적으로 물주기를 하고, 약 3회 정도 김매기를 해주며, 이때 수시로 양배추의 생육 상황과 병충해 발생 여부를 주의 깊게 살핀다."
양배추,비료주기,"보통 김매기한 후, 원예용 복합비료 등을 이랑에 뿌려 준다."
양배추,수확,"포기수확손바닥으로 위에서 눌러보아서 단단하면 결구가 된 것이므로 수확하면 되고, 결구가 되기 전에 잎을 수확하려면, 한번에 바깥쪽 잎을 2～3장 떼어서 수확 하면 된다. 이때 지나치게 많은 양의 바깥 잎을 수확할 경우 결구가 쉽게 되지 않음에 유의해야 한다"
양상추,밭 만들기,"· 거름주기(3.3㎥ 기준)   - 밑거름 : 퇴비 7kg, 고토석회 400g (밭갈기 2∼3주 전), 요소 143g, 용성인비 200g, 염화가리 83g (아주심기 2주 전)  - 웃거름 : 재배기간 중 요소 7g, 염화가리 5g씩 3회"
양상추,이랑만들기(아주심기 7일전),"이랑 너비 : 1줄재배 80cm, 2줄재배 120cm(포기간격 35cm)"
양상추,멀칭비닐 씌우기,"양상추를 깨끗하게 생산하고 수분과 잡초방제, 지온을 확보하기 위해서는 멀칭재배를 하는데 일반적으로 흑색의 폴리에칠렌 필름을 쓴다."
양상추,씨뿌리기,"· 씨뿌리는 방법 : 육묘(플러그트레이, 폿트) · 싹트는 온도 : 15∼20℃ · 싹트는 기간 : 2일 · 필요한 씨의 양 : 40ml/10a 25℃ 이상의 고온 되면 급격히 발아율이 떨어진다. 30℃이상이 되거나 반대로 4℃ 이하가 되면 전혀 발아하지 않는다. 여름철 고온기에 파종을 할 때는 온도가 높아 발아가 불량하므로 씨앗을 물에 2-3시간 정도 담갔다가 서늘한 장소나 냉장고 과일박스에 넣어 싹이 약간씩 나오면 파종을 해야 발아율이 높다."
양상추,모 기르기,"· 모 기르는 기간 : 20∼30일 · 모 기르는 온도 : 15∼23℃, 밤 10℃ 이상 유지 · 포트육묘 : 파종상에서 7∼10일간 육묘한 후, 본엽 1∼1.5매의 묘를 포트에 이식한다. 정식은 본엽 4∼5매가 되면 실시한다. 트레이 육묘시에는 128-200공 트레이를 사용하며, 시중 종자상에서 판매되는 상토를 구입하여 사용하는 것이 좋다."
양상추,아주심기,"극단적으로 큰 묘나, 잎이 변형된 묘는 피하고, 자근이 많은 어린 묘를 정식한다. 깊이 심지 않고 얕게 심도록 주의한다. 정식 후에는 빨리 충분한 관수하여 활착을 촉진한다."
양상추,텃밭에서 키우기,"·재배 온도 : 생육 15∼20℃, 결구 10∼16℃·물 주기 : 2∼3일에 1회. 건조에 강하며, 다습에는 약함. 결구 개시 이후에는 토양수분이 많은 편이 좋다.·관리 : 정식 후 15일경에 웃거름을 주어서 초기생육을 왕성하게 유도하고 이때 중경(작물 사이의 토양의 표면을 가볍게 긁어주는 김매기작업)과 제초작업도 동시에 실시한다. 결구중기에 건조하면 수량이 크게 떨어지므로 중기관리에 신경을 쓰고, 건조한 것보다는 약간 습한 쪽이 수량과 품질이 좋다.·물관리 : 날씨가 좋은 날의 오전 중에 이랑사이의 골에 물을 흘려 주는데, 1회의 관수량을 적게 하고 회수를 늘려 주는 것이 좋다."
양상추,포기 수확,봄 재배는 90-120일이고 가을재배는 60-80일이면 수확이 가능하다. 수확요령은 아침 이슬이나 서리가 없어졌을 때 결구상태를 보아 가면서 약간 일찍 수확한다. 겉잎이 달린 상태로 수확을 하고 이후 다듬는다.
파프리카,토양정보,토양은 보수성(수분 보유력)과 통기성(공기가 통할 수 있는 성질이나 정도)이 좋은 양토(입자지름 2mm 이하의 가늘고 고운 흙 중에 점토가 25~37.5% 함유된 토양)에서 잘 자란다. 사질계 토양에서는 충분히 깊이 갈고 유기질 비료를 많이 시비(거름주기)하는 것이 수확량을 증가시킨다. 비료에 대해서는 매우 민감하므로 온실내의 염류(비료)집적(모아서 쌓음)에 주의 하여 과다하지 않도록 식물이 필요한 만큼 적당히 비료를 준다. 토양산도는 pH 5.5~7이 적당하나 다소 약산성에서 잘 자란다.
파프리카,이랑만들기,"이랑을 만들기 전에 퇴비와 밑거름 비료를 넣는다. 이랑 만들기는 재배형태에 따라서 두둑과 고랑 폭을 결정하여 만드는데, 보통 120×45cm로 2줄 재배한다. 토양은 깊이 약 20cm까지 잘 갈아엎어 주고, 뿌리가 넓게 뻗으므로 가능하면 밭갈이를 깊게 실시하는 것이 좋다. 두둑에 비닐을 덮어주면 지온(지중, 땅속의 온도)이 높아져서 뿌리내림이 빠르고 잡초제거노력과 물주기 노력을 절감할 수 있다.아주심기할 곳에는 이랑을 만들고 아주심기 3~4일 전에 물주기를 하여 지온(지중, 땅속의 온도)이 15℃ 이상이 되게 한다. 재식거리(심는 간격)는 재배 양식에 따라 다른데 보통 이랑 폭 1.2m에 45×45cm로 2줄로 심는데 이 경우 약 1㎡당 6포기가 필요하므로 10a당 총 1,800개의 모종을 심게 된다."
파프리카,물주기,"물주기는 평균 1일 2.5L/㎡가 필요하며 전 생육기간 동안 약 350~450L/㎡가 소모된다. 토양수분의 함량은 최대용수량의 60~70%가 적당하나, 75% 이상이면 곰팡이병 발생이 많고 과실이 달리지 않는다. pF값으로는 1.5가 2.5보다 수확량이 많다고 하므로 건조하지 않도록 물주기한다."
파프리카,거름주기,"거름 주는 총량(g/3.3㎡)은 밑거름으로 퇴비 2,000g, 요소 140~200g, 용과린 160~250g, 염화가리 140~170g, 석회 800g을 주며 밑거름으로 복합비료를 주어도 된다. 땅이 기름지면 열매는 달리지 않고 잎만 무성해지므로 밑거름을 적게 주고 나머지는 웃거름으로 생육상태를 보아 주는 것이 좋다. 웃거름은 심고 나서 20~24일 간격으로 되도록 물에 녹여 주는 것이 좋다."
파프리카,수확적기,"파프리카는 과실이 달린 후 약 7~9주가 지나면 수확이 가능하며 색상, 품종, 계절적인 영향으로 수확 시기는 4~8일 정도 차이가 있다. 과일 전체의 색상이 90% 이상이 착색(과일 등이 햇볕을 받아 제색깔이 나타나는 현상)되었을 때가 수확 시기이다. 너무 빨리 수확하면 상품성이 떨어지고 늦게 하면 저장성이 떨어지면서 전체 생산량이 떨어진다. 수확작업은 겨울철에는 1주일에 2번, 여름철에는 1주일에 3회 실시하는 것이 적당하다."
고구마,씨뿌리기,"모종 키우기는 3월 중하순부터 시작한다. 씨 고구마를 습하고 따뜻한 온상에 묻으면 4~6주 후에 싹이 나온다. 이 싹을 20~30cm 정도 되도록 잘라 옮겨 심는다. 옮겨 심기 좋은 시기는 남부지방이 5월 초순, 중부지방이 5월 하순에서 6월 초순 정도면 충분하다.본밭에 아주심기를 할 때는 약간 경사지게 눕혀 심는데 위의 잎이 서너장 나오게 심는다."
고구마,수확,고구마는 서리가 내리기 전에 거두어야 한다. 고구마는 추위에 약하므로 상온을 유지해주어야 한다.
고구마,정식,"옮겨 심기 좋은 시기는 남부지방이 5월 초순, 중부지방이 5월 하순에서 6월 초순 정도면 충분하다.본밭에 아주심기를 할 때는 약간 경사지게 눕혀 심는데 위의 잎이 서너장 나오게 심는다."
고구마,가꾸기,"가뭄이 심할 때는 물주기를 한다. 물을 줄때는 초저녁이나 아침 일찍 흠뻑 주어야 하고 3~5일에 한번씩 준다. 포기가 힘을 받으면 넝쿨을 뻗는데 이때쯤 풀을 매주고 웃거름으로는 쌀겨나 숯가루 같은 인산, 기리질 비료를 준다. 넝쿨이 무성하게 자라면 흙에 뿌리를 내리지 못하도록 거두어 준다. 이 때 줄기에서 새로 나온 가지를 솎아내어 반찬으로 쓴다."
